text,label,template
আজ সকাল থেকে বুকে ব্যথা করছে,RED,bn:{t}বুকে ব্যথা করছে
"Hi, can you send me a copy of my prescription?",GREEN,en:can you send me a copy of my prescription?
I'm not urinating as much as I used to over the past week,YELLOW,en:I'm not urinating as much as I used to {t}
ওষুধ কি খাবারের আগে না পরে খাব?,GREEN,bn:ওষুধ কি খাবারের আগে না পরে খাব?
"Since my kidney stone, this is the worst headache I've ever had over the past week",RED,en:this is the worst headache I've ever had {t}
"Hello, can I reschedule my lab test to the morning?",GREEN,en:can I reschedule my lab test to the morning?
I have CKD and I fainted over the past week,RED,en:I fainted {t}
My doctor said I have reduced kidney function and I've been throwing up nonstop and can't keep any water down for the last two days,RED,en:I've been throwing up nonstop and can't keep any water down {t}
"As a kidney patient, my urination has decreased this morning",YELLOW,en:my urination has decreased {t}
My doctor said I have reduced kidney function and I'm peeing much less than before since last night,YELLOW,en:I'm peeing much less than before {t}
"Since my kidney stone, there's a metallic taste in my mouth this morning",YELLOW,en:there's a metallic taste in my mouth {t}
I have severe abdominal pain that won't go away since yesterday,RED,en:I have severe abdominal pain that won't go away {t}
কয়েকদিন ধরে খেতে ইচ্ছে করছে না,YELLOW,bn:{t}খেতে ইচ্ছে করছে না
"Since my kidney stone, my legs are hugely swollen and now it's hard to lie flat over the past week",RED,en:my legs are hugely swollen and now it's hard to lie flat {t}
I have CKD and I've been peeing blood over the past week,RED,en:I've been peeing blood {t}
"কিডনি রোগী হিসেবে বলছি, দুই দিন ধরে খুব ক্লান্ত লাগছে",YELLOW,bn:{t}খুব ক্লান্ত লাগছে
I had a kidney transplant last year and this is the worst headache I've ever had for a few days now,RED,en:this is the worst headache I've ever had {t}
"Hi, is it fine to have yogurt on my diet?",GREEN,en:is it fine to have yogurt on my diet?
"আমার কিডনি রোগ আছে, কয়েকদিন ধরে সারা শরীর চুলকাচ্ছে",YELLOW,bn:{t}সারা শরীর চুলকাচ্ছে
"Since my kidney stone, I've been peeing blood since yesterday",RED,en:I've been peeing blood {t}
I have stage 3 kidney disease and my whole body is swelling and I feel like I'm drowning when I lie down,RED,en:my whole body is swelling and I feel like I'm drowning when I lie down
I have stage 3 kidney disease and I've been sleeping badly and feel restless over the past week,YELLOW,en:I've been sleeping badly and feel restless {t}
I have CKD and I have heavy bleeding that won't stop since last night,RED,en:I have heavy bleeding that won't stop {t}
I have stage 3 kidney disease and I've been urinating less than usual for the last two days,YELLOW,en:I've been urinating less than usual {t}
I have stage 3 kidney disease and I've been short of breath this morning,RED,en:I've been short of breath {t}
"Since my kidney stone, I feel dizzy when I stand up this morning",YELLOW,en:I feel dizzy when I stand up {t}
"দয়া করে জানাবেন, ভাত কতটুকু খাওয়া যাবে?",GREEN,bn:ভাত কতটুকু খাওয়া যাবে?
"আসসালামু আলাইকুম, ওষুধ কি খাবারের আগে না পরে খাব?",GREEN,bn:ওষুধ কি খাবারের আগে না পরে খাব?
"As a kidney patient, I have mild abdominal discomfort this morning",YELLOW,en:I have mild abdominal discomfort {t}
I had a kidney transplant last year and I have crushing pain spreading to my arm and jaw,RED,en:I have crushing pain spreading to my arm and jaw
I'm on dialysis and I have heavy bleeding that won't stop for a few days now,RED,en:I have heavy bleeding that won't stop {t}
"Hello, can I eat tomatoes with my condition?",GREEN,en:can I eat tomatoes with my condition?
I have stage 3 kidney disease and my urine has turned dark like cola and I feel terrible since yesterday,RED,en:my urine has turned dark like cola and I feel terrible {t}
"আমার কিডনির কার্যক্ষমতা কমে গেছে, কয়েকদিন ধরে কিডনির জায়গায় হালকা ব্যথা",YELLOW,bn:{t}কিডনির জায়গায় হালকা ব্যথা
"Since my kidney stone, I've been short of breath since yesterday",RED,en:I've been short of breath {t}
"দয়া করে জানাবেন, দিনে কতটুকু লবণ খাওয়া নিরাপদ?",GREEN,bn:দিনে কতটুকু লবণ খাওয়া নিরাপদ?
"দয়া করে জানাবেন, দিনে কতটুকু পানি খাব?",GREEN,bn:দিনে কতটুকু পানি খাব?
ওষুধ খাওয়ার নিয়ম কী?,GREEN,bn:ওষুধ খাওয়ার নিয়ম কী?
I have CKD and I've been really itchy all over this morning,YELLOW,en:I've been really itchy all over {t}
I had a kidney transplant last year and I feel nauseous and have lost my appetite since this afternoon,YELLOW,en:I feel nauseous and have lost my appetite {t}
I had a kidney transplant last year and I can't breathe properly since yesterday,RED,en:I can't breathe properly {t}
"Since my kidney stone, I have some discomfort around my kidneys for the last two days",YELLOW,en:I have some discomfort around my kidneys {t}
"Since my kidney stone, my urination has decreased since this afternoon",YELLOW,en:my urination has decreased {t}
"দয়া করে জানাবেন, টমেটো খাওয়া যাবে কি?",GREEN,bn:টমেটো খাওয়া যাবে কি?
Can I drink coffee on my dialysis days?,GREEN,en:can I drink coffee on my dialysis days?
I had a kidney transplant last year and my abdominal pain is severe and I also have a high fever for the last two days,RED,en:my abdominal pain is severe and I also have a high fever {t}
"As a kidney patient, I feel severely confused over the past week",RED,en:I feel severely confused {t}
"আমার কিডনি রোগ আছে, আজ সকাল থেকে শ্বাস নিতে খুব কষ্ট হচ্ছে",RED,bn:{t}শ্বাস নিতে খুব কষ্ট হচ্ছে
I'm on dialysis and my legs are hugely swollen and now it's hard to lie flat since this afternoon,RED,en:my legs are hugely swollen and now it's hard to lie flat {t}
"Hello, do I need to fast before my blood test?",GREEN,en:do I need to fast before my blood test?
I'm on dialysis and I have a mild headache over the past week,YELLOW,en:I have a mild headache {t}
I've been peeing blood for a few days now,RED,en:I've been peeing blood {t}
"আমি ডায়ালাইসিস নিচ্ছি, কাল রাত থেকে হালকা মাথাব্যথা করছে",YELLOW,bn:{t}হালকা মাথাব্যথা করছে
"As a kidney patient, my face looks puffy over the past week",YELLOW,en:my face looks puffy {t}
I have some abdominal pain since yesterday,YELLOW,en:I have some abdominal pain {t}
"I have stage 3 kidney disease and I have a sudden severe headache, the worst one of my life for the last two days",RED,"en:I have a sudden severe headache, the worst one of my life {t}"
I have CKD and my side hurts near where my kidney is over the past week,YELLOW,en:my side hurts near where my kidney is {t}
একটা প্রশ্ন ছিল - ভাত কতটুকু খাওয়া যাবে?,GREEN,bn:ভাত কতটুকু খাওয়া যাবে?
I had a kidney transplant last year and I've been urinating less than usual since yesterday,YELLOW,en:I've been urinating less than usual {t}
My doctor said I have reduced kidney function and I've been short of breath for the last two days,RED,en:I've been short of breath {t}
"As a kidney patient, my hands and feet feel swollen for a few days now",YELLOW,en:my hands and feet feel swollen {t}
দুই দিন ধরে বমি বমি ভাব লাগছে,YELLOW,bn:{t}বমি বমি ভাব লাগছে
"Good morning, are my last lab results available yet?",GREEN,en:are my last lab results available yet?
"কিডনি রোগী হিসেবে বলছি, গতকাল থেকে কোমরে ব্যথা করছে",YELLOW,bn:{t}কোমরে ব্যথা করছে
"আসসালামু আলাইকুম, রক্ত পরীক্ষার আগে কি খালি পেটে থাকতে হবে?",GREEN,bn:রক্ত পরীক্ষার আগে কি খালি পেটে থাকতে হবে?
I have CKD and I've been really itchy all over since last night,YELLOW,en:I've been really itchy all over {t}
"Hello, how much salt is safe for me per day?",GREEN,en:how much salt is safe for me per day?
I have stage 3 kidney disease and I have a mild fever for a few days now,YELLOW,en:I have a mild fever {t}
পরের ভিজিট কবে?,GREEN,bn:পরের ভিজিট কবে?
I have CKD and there's a metallic taste in my mouth since yesterday,YELLOW,en:there's a metallic taste in my mouth {t}
"Good morning, which foods are high in potassium that I should avoid?",GREEN,en:which foods are high in potassium that I should avoid?
I think I had a seizure over the past week,RED,en:I think I had a seizure {t}
"Since my kidney stone, I've had muscle cramps this morning",YELLOW,en:I've had muscle cramps {t}
"Please, is it okay to have oranges with my potassium levels?",GREEN,en:is it okay to have oranges with my potassium levels?
I have CKD and I've been urinating less than usual this morning,YELLOW,en:I've been urinating less than usual {t}
I have CKD and I have a mild headache for the last two days,YELLOW,en:I have a mild headache {t}
"As a kidney patient, I have flank pain since this afternoon",YELLOW,en:I have flank pain {t}
I'm on dialysis and I passed out over the past week,RED,en:I passed out {t}
"কিডনি রোগী হিসেবে বলছি, গতকাল থেকে খিঁচুনি হয়েছে",RED,bn:{t}খিঁচুনি হয়েছে
"Hi, is the pharmacy open after 6 pm?",GREEN,en:is the pharmacy open after 6 pm?
"Since my kidney stone, I can't breathe properly for a few days now",RED,en:I can't breathe properly {t}
My legs are hugely swollen and now it's hard to lie flat for the last two days,RED,en:my legs are hugely swollen and now it's hard to lie flat {t}
"আমার কিডনির কার্যক্ষমতা কমে গেছে, কয়েকদিন ধরে প্রস্রাব করতে পারছি না",RED,bn:{t}প্রস্রাব করতে পারছি না
I have CKD and there's blood when I pee since yesterday,RED,en:there's blood when I pee {t}
Quick question - when is my next follow-up scheduled?,GREEN,en:when is my next follow-up scheduled?
My heartbeat feels irregular and I'm very weak and dizzy since yesterday,RED,en:my heartbeat feels irregular and I'm very weak and dizzy {t}
How do I sign up for the patient portal?,GREEN,en:how do I sign up for the patient portal?
My eyes are puffy in the mornings since this afternoon,YELLOW,en:my eyes are puffy in the mornings {t}
My doctor said I have reduced kidney function and I have a dull ache in my kidney area for the last two days,YELLOW,en:I have a dull ache in my kidney area {t}
"As a kidney patient, I feel nauseous and have lost my appetite for a few days now",YELLOW,en:I feel nauseous and have lost my appetite {t}
My doctor said I have reduced kidney function and I feel severely confused since this afternoon,RED,en:I feel severely confused {t}
"I have a sudden severe headache, the worst one of my life this morning",RED,"en:I have a sudden severe headache, the worst one of my life {t}"
ডায়ালাইসিসের সময় কখন?,GREEN,bn:ডায়ালাইসিসের সময় কখন?
"Since my kidney stone, my stomach has been hurting a little for a few days now",YELLOW,en:my stomach has been hurting a little {t}
"Hi, is brown rice okay for my diet?",GREEN,en:is brown rice okay for my diet?
"Good morning, how do I sign up for the patient portal?",GREEN,en:how do I sign up for the patient portal?
I have stage 3 kidney disease and I think I had a seizure for the last two days,RED,en:I think I had a seizure {t}
"Hi, thank you for the help during my last visit",GREEN,en:thank you for the help during my last visit
গতকাল থেকে শ্বাস নিতে খুব কষ্ট হচ্ছে,RED,bn:{t}শ্বাস নিতে খুব কষ্ট হচ্ছে
Hardly went to the bathroom today,YELLOW,en:hardly went to the bathroom today
"As a kidney patient, I have some abdominal pain for a few days now",YELLOW,en:I have some abdominal pain {t}
I'm on dialysis and I've been urinating less than usual since yesterday,YELLOW,en:I've been urinating less than usual {t}
"Hi, how much salt is safe for me per day?",GREEN,en:how much salt is safe for me per day?
"কিডনি রোগী হিসেবে বলছি, হালকা জ্বর এসেছে",YELLOW,bn:{t}হালকা জ্বর এসেছে
একটা প্রশ্ন ছিল - গত ভিজিটে সাহায্যের জন্য ধন্যবাদ,GREEN,bn:গত ভিজিটে সাহায্যের জন্য ধন্যবাদ
I had a kidney transplant last year and I've had trouble concentrating and feel foggy over the past week,YELLOW,en:I've had trouble concentrating and feel foggy {t}
"আমার কিডনির কার্যক্ষমতা কমে গেছে, গতকাল থেকে প্রস্রাব একদম বন্ধ হয়ে গেছে",RED,bn:{t}প্রস্রাব একদম বন্ধ হয়ে গেছে
I have stage 3 kidney disease and I have some abdominal pain since this afternoon,YELLOW,en:I have some abdominal pain {t}
"Since my kidney stone, my urination has decreased for a few days now",YELLOW,en:my urination has decreased {t}
"As a kidney patient, I've been feeling very tired and weak since yesterday",YELLOW,en:I've been feeling very tired and weak {t}
I had a kidney transplant last year and my face looks puffy over the past week,YELLOW,en:my face looks puffy {t}
"As a kidney patient, my back is hurting near my kidneys over the past week",YELLOW,en:my back is hurting near my kidneys {t}
একটা প্রশ্ন ছিল - দিনে কতটুকু লবণ খাওয়া নিরাপদ?,GREEN,bn:দিনে কতটুকু লবণ খাওয়া নিরাপদ?
Quick question - can I travel by plane next month?,GREEN,en:can I travel by plane next month?
"As a kidney patient, blood is coming through my urine since this afternoon",RED,en:blood is coming through my urine {t}
"কিডনি রোগী হিসেবে বলছি, খিঁচুনি হয়েছে",RED,bn:{t}খিঁচুনি হয়েছে
"Good morning, can I get a medical certificate for work?",GREEN,en:can I get a medical certificate for work?
"As a kidney patient, my legs are hugely swollen and now it's hard to lie flat for the last two days",RED,en:my legs are hugely swollen and now it's hard to lie flat {t}
"আমার কিডনি রোগ আছে, আজ সকাল থেকে অজ্ঞান হয়ে গিয়েছিলাম",RED,bn:{t}অজ্ঞান হয়ে গিয়েছিলাম
"As a kidney patient, I'm having chest pain since this afternoon",RED,en:I'm having chest pain {t}
"আমার কিডনি রোগ আছে, কয়েকদিন ধরে মুখ ফুলে গেছে",YELLOW,bn:{t}মুখ ফুলে গেছে
"কিডনি রোগী হিসেবে বলছি, গতকাল থেকে প্রস্রাবে রক্ত যাচ্ছে",RED,bn:{t}প্রস্রাবে রক্ত যাচ্ছে
What time is my dialysis session tomorrow?,GREEN,en:what time is my dialysis session tomorrow?
ভাত কতটুকু খাওয়া যাবে?,GREEN,bn:ভাত কতটুকু খাওয়া যাবে?
"আসসালামু আলাইকুম, দিনে কতটুকু লবণ খাওয়া নিরাপদ?",GREEN,bn:দিনে কতটুকু লবণ খাওয়া নিরাপদ?
"Good morning, I need to reschedule my appointment next week",GREEN,en:I need to reschedule my appointment next week
"Hello, can I switch to an evening dialysis slot?",GREEN,en:can I switch to an evening dialysis slot?
"Please, what should my daily water intake be?",GREEN,en:what should my daily water intake be?
"Since my kidney stone, I fainted for the last two days",RED,en:I fainted {t}
"Since my kidney stone, my urine looks foamy since last night",YELLOW,en:my urine looks foamy {t}
Quick question - I'd like to request a refill of my blood pressure medication,GREEN,en:I'd like to request a refill of my blood pressure medication
Blood is coming through my urine for a few days now,RED,en:blood is coming through my urine {t}
"Since my kidney stone, I have severe abdominal pain that won't go away since yesterday",RED,en:I have severe abdominal pain that won't go away {t}
গতকাল থেকে খিঁচুনি হয়েছে,RED,bn:{t}খিঁচুনি হয়েছে
I have CKD and my legs and ankles have been swelling since last night,YELLOW,en:my legs and ankles have been swelling {t}
"Since my kidney stone, I'm peeing much less than before for a few days now",YELLOW,en:I'm peeing much less than before {t}
I'm on dialysis and this is the worst headache I've ever had since this afternoon,RED,en:this is the worst headache I've ever had {t}
"দয়া করে জানাবেন, পরের ভিজিট কবে?",GREEN,bn:পরের ভিজিট কবে?
"Barely peeing today, should I be worried?",YELLOW,"en:barely peeing today, should I be worried?"
I have CKD and I passed out over the past week,RED,en:I passed out {t}
I'm on dialysis and I'm extremely drowsy and can barely stay awake for the last two days,RED,en:I'm extremely drowsy and can barely stay awake {t}
"Since my kidney stone, I've had a dull headache and feel a bit off this morning",YELLOW,en:I've had a dull headache and feel a bit off {t}
I had a kidney transplant last year and I haven't been going to the bathroom as much for a few days now,YELLOW,en:I haven't been going to the bathroom as much {t}
I have severe abdominal pain that won't go away since last night,RED,en:I have severe abdominal pain that won't go away {t}
Quick question - how long does a routine checkup usually take?,GREEN,en:how long does a routine checkup usually take?
My doctor said I have reduced kidney function and I have severe pain in my side with a high fever and shaking chills for a few days now,RED,en:I have severe pain in my side with a high fever and shaking chills {t}
Quick question - what time is my dialysis session tomorrow?,GREEN,en:what time is my dialysis session tomorrow?
"আমার কিডনির কার্যক্ষমতা কমে গেছে, আজ সকাল থেকে বুকে ব্যথা করছে",RED,bn:{t}বুকে ব্যথা করছে
"আসসালামু আলাইকুম, পরের সপ্তাহে অ্যাপয়েন্টমেন্ট পরিবর্তন করতে চাই",GREEN,bn:পরের সপ্তাহে অ্যাপয়েন্টমেন্ট পরিবর্তন করতে চাই
"As a kidney patient, I have some discomfort around my kidneys for a few days now",YELLOW,en:I have some discomfort around my kidneys {t}
I have stage 3 kidney disease and I have a dull ache in my kidney area for the last two days,YELLOW,en:I have a dull ache in my kidney area {t}
Quick question - how do I update my address in your records?,GREEN,en:how do I update my address in your records?
I'm on dialysis and I'm peeing much less than before for the last two days,YELLOW,en:I'm peeing much less than before {t}
I'm on dialysis and my face looks puffy for a few days now,YELLOW,en:my face looks puffy {t}
My doctor said I have reduced kidney function and I can't breathe properly since yesterday,RED,en:I can't breathe properly {t}
"Good morning, should I take my phosphate binder before or after meals?",GREEN,en:should I take my phosphate binder before or after meals?
I have stage 3 kidney disease and I'm having chest pain for the last two days,RED,en:I'm having chest pain {t}
My side hurts near where my kidney is since yesterday,YELLOW,en:my side hurts near where my kidney is {t}
I have stage 3 kidney disease and I have some abdominal cramping since this afternoon,YELLOW,en:I have some abdominal cramping {t}
"Since my kidney stone, I've been really itchy all over for a few days now",YELLOW,en:I've been really itchy all over {t}
"As a kidney patient, I noticed blood in my urine since last night",RED,en:I noticed blood in my urine {t}
"Please, how do I update my address in your records?",GREEN,en:how do I update my address in your records?
I'm on dialysis and I noticed blood in my urine this morning,RED,en:I noticed blood in my urine {t}
"Since my kidney stone, I've been urinating less than usual since last night",YELLOW,en:I've been urinating less than usual {t}
"আমার কিডনির কার্যক্ষমতা কমে গেছে, দুই দিন ধরে মাথা ঘোরাচ্ছে",YELLOW,bn:{t}মাথা ঘোরাচ্ছে
"Since my kidney stone, I'm extremely drowsy and can barely stay awake over the past week",RED,en:I'm extremely drowsy and can barely stay awake {t}
I have CKD and my back is hurting near my kidneys over the past week,YELLOW,en:my back is hurting near my kidneys {t}
Quick question - can I eat tomatoes with my condition?,GREEN,en:can I eat tomatoes with my condition?
"Since my kidney stone, my eyes are puffy in the mornings for the last two days",YELLOW,en:my eyes are puffy in the mornings {t}
"As a kidney patient, I'm extremely drowsy and can barely stay awake for a few days now",RED,en:I'm extremely drowsy and can barely stay awake {t}
"Since my kidney stone, my stomach has been hurting a little since yesterday",YELLOW,en:my stomach has been hurting a little {t}
"আমি ডায়ালাইসিস নিচ্ছি, বমি বমি ভাব লাগছে",YELLOW,bn:{t}বমি বমি ভাব লাগছে
My doctor said I have reduced kidney function and there's blood when I pee since this afternoon,RED,en:there's blood when I pee {t}
"আমার কিডনি রোগ আছে, কাল রাত থেকে মুখ ফুলে গেছে",YELLOW,bn:{t}মুখ ফুলে গেছে
I have stage 3 kidney disease and there's a metallic taste in my mouth for the last two days,YELLOW,en:there's a metallic taste in my mouth {t}
কিডনির জায়গায় হালকা ব্যথা,YELLOW,bn:{t}কিডনির জায়গায় হালকা ব্যথা
I have CKD and I've been vomiting blood since yesterday,RED,en:I've been vomiting blood {t}
"Good morning, can I travel by plane next month?",GREEN,en:can I travel by plane next month?
"Good morning, I have a mild stomach ache after eating spicy food, is that normal?",GREEN,"en:I have a mild stomach ache after eating spicy food, is that normal?"
I fainted over the past week,RED,en:I fainted {t}
I have some abdominal cramping over the past week,YELLOW,en:I have some abdominal cramping {t}
I had a kidney transplant last year and I'm having chest pain since yesterday,RED,en:I'm having chest pain {t}
"Hello, is the pharmacy open after 6 pm?",GREEN,en:is the pharmacy open after 6 pm?
"As a kidney patient, I've been sleeping badly and feel restless this morning",YELLOW,en:I've been sleeping badly and feel restless {t}
"As a kidney patient, my hands and feet feel swollen since last night",YELLOW,en:my hands and feet feel swollen {t}
"Hi, how long does a routine checkup usually take?",GREEN,en:how long does a routine checkup usually take?
I'm on dialysis and I'm going to the bathroom less often for a few days now,YELLOW,en:I'm going to the bathroom less often {t}
I had a kidney transplant last year and this is the worst headache I've ever had since last night,RED,en:this is the worst headache I've ever had {t}
I have stage 3 kidney disease and blood is coming through my urine since last night,RED,en:blood is coming through my urine {t}
I'm on dialysis and my side hurts near where my kidney is since yesterday,YELLOW,en:my side hurts near where my kidney is {t}
I have stage 3 kidney disease and I have severe pain in my side with a high fever and shaking chills for the last two days,RED,en:I have severe pain in my side with a high fever and shaking chills {t}
"Please, can I get my flu vaccination at the clinic?",GREEN,en:can I get my flu vaccination at the clinic?
"Good morning, can I pay my bill online?",GREEN,en:can I pay my bill online?
I had a kidney transplant last year and my stomach has been hurting a little this morning,YELLOW,en:my stomach has been hurting a little {t}
"Good morning, what documents do I need for my next visit?",GREEN,en:what documents do I need for my next visit?
"Good morning, can I drink coffee on my dialysis days?",GREEN,en:can I drink coffee on my dialysis days?
"কিডনি রোগী হিসেবে বলছি, দম বন্ধ হয়ে আসছে",RED,bn:{t}দম বন্ধ হয়ে আসছে
"Hi, is it safe for me to exercise at the gym?",GREEN,en:is it safe for me to exercise at the gym?
Quick question - can I pay my bill online?,GREEN,en:can I pay my bill online?
I'm on dialysis and I think I had a seizure since last night,RED,en:I think I had a seizure {t}
"Good morning, does the clinic open on weekends?",GREEN,en:does the clinic open on weekends?
I have CKD and I've had a headache on and off over the past week,YELLOW,en:I've had a headache on and off {t}
I'm extremely drowsy and can barely stay awake for a few days now,RED,en:I'm extremely drowsy and can barely stay awake {t}
I had a kidney transplant last year and my urine smells different than usual this morning,YELLOW,en:my urine smells different than usual {t}
I had a kidney transplant last year and my heartbeat feels irregular and I'm very weak and dizzy this morning,RED,en:my heartbeat feels irregular and I'm very weak and dizzy {t}
"As a kidney patient, my face looks puffy this morning",YELLOW,en:my face looks puffy {t}
"As a kidney patient, I've been throwing up nonstop and can't keep any water down for the last two days",RED,en:I've been throwing up nonstop and can't keep any water down {t}
"Please, can I drink coffee on my dialysis days?",GREEN,en:can I drink coffee on my dialysis days?
"আমি ডায়ালাইসিস নিচ্ছি, কাল রাত থেকে হঠাৎ তীব্র মাথাব্যথা শুরু হয়েছে",RED,bn:{t}হঠাৎ তীব্র মাথাব্যথা শুরু হয়েছে
"As a kidney patient, my legs are hugely swollen and now it's hard to lie flat this morning",RED,en:my legs are hugely swollen and now it's hard to lie flat {t}
"As a kidney patient, my legs are hugely swollen and now it's hard to lie flat since last night",RED,en:my legs are hugely swollen and now it's hard to lie flat {t}
"আসসালামু আলাইকুম, ব্যায়াম করা কি আমার জন্য নিরাপদ?",GREEN,bn:ব্যায়াম করা কি আমার জন্য নিরাপদ?
"As a kidney patient, my back is hurting near my kidneys since this afternoon",YELLOW,en:my back is hurting near my kidneys {t}
"Hi, are my last lab results available yet?",GREEN,en:are my last lab results available yet?
I had a kidney transplant last year and my heartbeat feels irregular and I'm very weak and dizzy over the past week,RED,en:my heartbeat feels irregular and I'm very weak and dizzy {t}
I feel dizzy when I stand up for the last two days,YELLOW,en:I feel dizzy when I stand up {t}
"Hello, is it normal to get an occasional mild headache?",GREEN,en:is it normal to get an occasional mild headache?
My doctor said I have reduced kidney function and I have a mild headache since yesterday,YELLOW,en:I have a mild headache {t}
Quick question - is it normal to get an occasional mild headache?,GREEN,en:is it normal to get an occasional mild headache?
I have stage 3 kidney disease and I have pain near my kidneys this morning,YELLOW,en:I have pain near my kidneys {t}
"Please, I have a mild stomach ache after eating spicy food, is that normal?",GREEN,"en:I have a mild stomach ache after eating spicy food, is that normal?"
"আমার কিডনির কার্যক্ষমতা কমে গেছে, কাল রাত থেকে খিঁচুনি হয়েছে",RED,bn:{t}খিঁচুনি হয়েছে
"কিডনি রোগী হিসেবে বলছি, আজ সকাল থেকে বমি বমি ভাব লাগছে",YELLOW,bn:{t}বমি বমি ভাব লাগছে
I'm on dialysis and my blood pressure has been higher than usual since last night,YELLOW,en:my blood pressure has been higher than usual {t}
Quick question - can I eat bananas on my current diet?,GREEN,en:can I eat bananas on my current diet?
My doctor said I have reduced kidney function and I've gained a few kilos for a few days now and feel bloated,YELLOW,en:I've gained a few kilos {t} and feel bloated
"আমার কিডনির কার্যক্ষমতা কমে গেছে, কাল রাত থেকে শ্বাস নিতে খুব কষ্ট হচ্ছে",RED,bn:{t}শ্বাস নিতে খুব কষ্ট হচ্ছে
"আমি ডায়ালাইসিস নিচ্ছি, দুই দিন ধরে বুকে চাপ লাগছে",RED,bn:{t}বুকে চাপ লাগছে
This is the worst headache I've ever had since yesterday,RED,en:this is the worst headache I've ever had {t}
My doctor said I have reduced kidney function and my urine smells different than usual for the last two days,YELLOW,en:my urine smells different than usual {t}
গতকাল থেকে প্রস্রাবে রক্ত যাচ্ছে,RED,bn:{t}প্রস্রাবে রক্ত যাচ্ছে
"আমার কিডনির কার্যক্ষমতা কমে গেছে, আজ সকাল থেকে পা ও গোড়ালি ফুলে আছে",YELLOW,bn:{t}পা ও গোড়ালি ফুলে আছে
I have CKD and I'm going to the bathroom less often since yesterday,YELLOW,en:I'm going to the bathroom less often {t}
"As a kidney patient, I've had a headache on and off this morning",YELLOW,en:I've had a headache on and off {t}
I have stage 3 kidney disease and I've been vomiting blood since this afternoon,RED,en:I've been vomiting blood {t}
কাল রাত থেকে প্রস্রাবে রক্ত যাচ্ছে,RED,bn:{t}প্রস্রাবে রক্ত যাচ্ছে
"Good morning, I'd like to request a refill of my blood pressure medication",GREEN,en:I'd like to request a refill of my blood pressure medication
I have CKD and I have some discomfort around my kidneys since last night,YELLOW,en:I have some discomfort around my kidneys {t}
"কিডনি রোগী হিসেবে বলছি, দুই দিন ধরে রক্তচাপ স্বাভাবিকের চেয়ে বেশি",YELLOW,bn:{t}রক্তচাপ স্বাভাবিকের চেয়ে বেশি
একটা প্রশ্ন ছিল - ক্লিনিক কি শুক্রবার খোলা থাকে?,GREEN,bn:ক্লিনিক কি শুক্রবার খোলা থাকে?
I have stage 3 kidney disease and I've had a dull headache and feel a bit off for a few days now,YELLOW,en:I've had a dull headache and feel a bit off {t}
"As a kidney patient, my abdominal pain is severe and I also have a high fever for the last two days",RED,en:my abdominal pain is severe and I also have a high fever {t}
"আমার কিডনির কার্যক্ষমতা কমে গেছে, আজ সকাল থেকে হঠাৎ তীব্র মাথাব্যথা শুরু হয়েছে",RED,bn:{t}হঠাৎ তীব্র মাথাব্যথা শুরু হয়েছে
My doctor said I have reduced kidney function and I've been urinating less than usual for a few days now,YELLOW,en:I've been urinating less than usual {t}
I'm on dialysis and my abdominal pain is severe and I also have a high fever since yesterday,RED,en:my abdominal pain is severe and I also have a high fever {t}
Quick question - can you send me a copy of my prescription?,GREEN,en:can you send me a copy of my prescription?
I had a kidney transplant last year and I haven't been peeing much lately,YELLOW,en:I haven't been peeing much lately
"দয়া করে জানাবেন, ডায়ালাইসিসের সময় কখন?",GREEN,bn:ডায়ালাইসিসের সময় কখন?
I have stage 3 kidney disease and I've been vomiting blood since last night,RED,en:I've been vomiting blood {t}
"আমার কিডনির কার্যক্ষমতা কমে গেছে, হঠাৎ তীব্র মাথাব্যথা শুরু হয়েছে",RED,bn:{t}হঠাৎ তীব্র মাথাব্যথা শুরু হয়েছে
"Hi, how many cups of fluid can I have daily?",GREEN,en:how many cups of fluid can I have daily?
"Please, what time is my dialysis session tomorrow?",GREEN,en:what time is my dialysis session tomorrow?
আজ সকাল থেকে কিডনির জায়গায় হালকা ব্যথা,YELLOW,bn:{t}কিডনির জায়গায় হালকা ব্যথা
"আমি ডায়ালাইসিস নিচ্ছি, কাল রাত থেকে বমি বমি ভাব লাগছে",YELLOW,bn:{t}বমি বমি ভাব লাগছে
I have CKD and I have some abdominal cramping since yesterday,YELLOW,en:I have some abdominal cramping {t}
I have stage 3 kidney disease and I'm peeing much less than before since last night,YELLOW,en:I'm peeing much less than before {t}
"আমার কিডনি রোগ আছে, কয়েকদিন ধরে প্রস্রাব করতে পারছি না",RED,bn:{t}প্রস্রাব করতে পারছি না
"As a kidney patient, this is the worst headache I've ever had since last night",RED,en:this is the worst headache I've ever had {t}
I have stage 3 kidney disease and I have severe abdominal pain that won't go away over the past week,RED,en:I have severe abdominal pain that won't go away {t}
My doctor said I have reduced kidney function and my face looks puffy this morning,YELLOW,en:my face looks puffy {t}
"আমার কিডনির কার্যক্ষমতা কমে গেছে, দুই দিন ধরে পায়ে খিল ধরছে",YELLOW,bn:{t}পায়ে খিল ধরছে
I'm having chest pain since yesterday,RED,en:I'm having chest pain {t}
"আমার কিডনির কার্যক্ষমতা কমে গেছে, কাল রাত থেকে মুখ ফুলে গেছে",YELLOW,bn:{t}মুখ ফুলে গেছে
Can I travel by plane next month?,GREEN,en:can I travel by plane next month?
Quick question - can I take paracetamol for a mild headache?,GREEN,en:can I take paracetamol for a mild headache?
"As a kidney patient, my urine has turned dark like cola and I feel terrible over the past week",RED,en:my urine has turned dark like cola and I feel terrible {t}
I fainted for the last two days,RED,en:I fainted {t}
"Hello, how long does a routine checkup usually take?",GREEN,en:how long does a routine checkup usually take?
There's blood when I pee since yesterday,RED,en:there's blood when I pee {t}
"As a kidney patient, I've been feeling very tired and weak since last night",YELLOW,en:I've been feeling very tired and weak {t}
"Since my kidney stone, I have no urine output since this afternoon",RED,en:I have no urine output {t}
Quick question - is there parking available at the clinic?,GREEN,en:is there parking available at the clinic?
"Good morning, is it okay to have oranges with my potassium levels?",GREEN,en:is it okay to have oranges with my potassium levels?
"আমার কিডনির কার্যক্ষমতা কমে গেছে, কয়েকদিন ধরে পেটে হালকা ব্যথা",YELLOW,bn:{t}পেটে হালকা ব্যথা
I have CKD and blood is coming through my urine this morning,RED,en:blood is coming through my urine {t}
My doctor said I have reduced kidney function and my ankles leave a dent when I press them over the past week,YELLOW,en:my ankles leave a dent when I press them {t}
"As a kidney patient, I've been vomiting blood over the past week",RED,en:I've been vomiting blood {t}
I have stage 3 kidney disease and I've been peeing blood since last night,RED,en:I've been peeing blood {t}
"Hi, I get a mild headache sometimes, is that anything to worry about?",GREEN,"en:I get a mild headache sometimes, is that anything to worry about?"
"কিডনি রোগী হিসেবে বলছি, আজ সকাল থেকে রক্ত বমি হচ্ছে",RED,bn:{t}রক্ত বমি হচ্ছে
"আমি ডায়ালাইসিস নিচ্ছি, কয়েকদিন ধরে বমি বমি ভাব লাগছে",YELLOW,bn:{t}বমি বমি ভাব লাগছে
I had a kidney transplant last year and I have pain near my kidneys since yesterday,YELLOW,en:I have pain near my kidneys {t}
কয়েকদিন ধরে পায়ে খিল ধরছে,YELLOW,bn:{t}পায়ে খিল ধরছে
"কিডনি রোগী হিসেবে বলছি, কাল রাত থেকে প্রস্রাবের সাথে রক্ত যাচ্ছে",RED,bn:{t}প্রস্রাবের সাথে রক্ত যাচ্ছে
"Hello, can I get a medical certificate for work?",GREEN,en:can I get a medical certificate for work?
"আমি ডায়ালাইসিস নিচ্ছি, শ্বাসকষ্ট হচ্ছে",RED,bn:{t}শ্বাসকষ্ট হচ্ছে
I'm on dialysis and I have mild abdominal discomfort since yesterday,YELLOW,en:I have mild abdominal discomfort {t}
My doctor said I have reduced kidney function and I feel dizzy when I stand up for a few days now,YELLOW,en:I feel dizzy when I stand up {t}
I had a kidney transplant last year and I've had a headache on and off for the last two days,YELLOW,en:I've had a headache on and off {t}
I've been short of breath for the last two days,RED,en:I've been short of breath {t}
Is there wheelchair access at the entrance?,GREEN,en:is there wheelchair access at the entrance?
Quick question - which foods are high in potassium that I should avoid?,GREEN,en:which foods are high in potassium that I should avoid?
I had a kidney transplant last year and I have mild abdominal discomfort over the past week,YELLOW,en:I have mild abdominal discomfort {t}
I have stage 3 kidney disease and there's blood when I pee for the last two days,RED,en:there's blood when I pee {t}
"As a kidney patient, I have severe pain in my side with a high fever and shaking chills over the past week",RED,en:I have severe pain in my side with a high fever and shaking chills {t}
I have stage 3 kidney disease and I'm not urinating as much as I used to since last night,YELLOW,en:I'm not urinating as much as I used to {t}
"Since my kidney stone, I've had muscle cramps since yesterday",YELLOW,en:I've had muscle cramps {t}
I have CKD and my blood pressure has been higher than usual since yesterday,YELLOW,en:my blood pressure has been higher than usual {t}
I have CKD and I have no urine output for the last two days,RED,en:I have no urine output {t}
Is it safe for me to exercise at the gym?,GREEN,en:is it safe for me to exercise at the gym?
"Since my kidney stone, I can't breathe properly since last night",RED,en:I can't breathe properly {t}
I have stage 3 kidney disease and I have a dull ache in my kidney area over the past week,YELLOW,en:I have a dull ache in my kidney area {t}
গত ভিজিটে সাহায্যের জন্য ধন্যবাদ,GREEN,bn:গত ভিজিটে সাহায্যের জন্য ধন্যবাদ
"I have a sudden severe headache, the worst one of my life since yesterday",RED,"en:I have a sudden severe headache, the worst one of my life {t}"
একটা প্রশ্ন ছিল - ব্যায়াম করা কি আমার জন্য নিরাপদ?,GREEN,bn:ব্যায়াম করা কি আমার জন্য নিরাপদ?
I had a kidney transplant last year and I have severe abdominal pain that won't go away this morning,RED,en:I have severe abdominal pain that won't go away {t}
প্রেসক্রিপশনের একটি কপি পাঠাতে পারবেন?,GREEN,bn:প্রেসক্রিপশনের একটি কপি পাঠাতে পারবেন?
"Since my kidney stone, my face looks puffy over the past week",YELLOW,en:my face looks puffy {t}
"Good morning, is it safe for me to exercise at the gym?",GREEN,en:is it safe for me to exercise at the gym?
"আমার কিডনি রোগ আছে, দুই দিন ধরে বুকে চাপ লাগছে",RED,bn:{t}বুকে চাপ লাগছে
"As a kidney patient, I've been short of breath since this afternoon",RED,en:I've been short of breath {t}
My doctor said I have reduced kidney function and I feel severely confused since yesterday,RED,en:I feel severely confused {t}
I had a kidney transplant last year and my legs are hugely swollen and now it's hard to lie flat since this afternoon,RED,en:my legs are hugely swollen and now it's hard to lie flat {t}
"আসসালামু আলাইকুম, প্রেসক্রিপশনের একটি কপি পাঠাতে পারবেন?",GREEN,bn:প্রেসক্রিপশনের একটি কপি পাঠাতে পারবেন?
I have CKD and I passed out for the last two days,RED,en:I passed out {t}
Quick question - can I reschedule my lab test to the morning?,GREEN,en:can I reschedule my lab test to the morning?
"Please, can I book an appointment for next Monday?",GREEN,en:can I book an appointment for next Monday?
আজ সকাল থেকে প্রস্রাবে ফেনা হচ্ছে,YELLOW,bn:{t}প্রস্রাবে ফেনা হচ্ছে
I'm on dialysis and I've been vomiting blood since yesterday,RED,en:I've been vomiting blood {t}
দুই দিন ধরে বুকে ব্যথা করছে,RED,bn:{t}বুকে ব্যথা করছে
"Please, can I switch to an evening dialysis slot?",GREEN,en:can I switch to an evening dialysis slot?
I feel nauseous and have lost my appetite since last night,YELLOW,en:I feel nauseous and have lost my appetite {t}
My doctor said I have reduced kidney function and I'm not urinating as much as I used to this morning,YELLOW,en:I'm not urinating as much as I used to {t}
I have CKD and I've had trouble concentrating and feel foggy over the past week,YELLOW,en:I've had trouble concentrating and feel foggy {t}
I had a kidney transplant last year and I have severe abdominal pain that won't go away for a few days now,RED,en:I have severe abdominal pain that won't go away {t}
"কিডনি রোগী হিসেবে বলছি, বুকে ব্যথা করছে",RED,bn:{t}বুকে ব্যথা করছে
কলা খেতে পারব কি?,GREEN,bn:কলা খেতে পারব কি?
"Good morning, what should my daily water intake be?",GREEN,en:what should my daily water intake be?
কোমরে ব্যথা করছে,YELLOW,bn:{t}কোমরে ব্যথা করছে
My doctor said I have reduced kidney function and I think I had a seizure over the past week,RED,en:I think I had a seizure {t}
Quick question - is it safe for me to exercise at the gym?,GREEN,en:is it safe for me to exercise at the gym?
I've been throwing up nonstop and can't keep any water down since last night,RED,en:I've been throwing up nonstop and can't keep any water down {t}
I'm on dialysis and my urine smells different than usual since this afternoon,YELLOW,en:my urine smells different than usual {t}
I have stage 3 kidney disease and I have severe pain in my side with a high fever and shaking chills this morning,RED,en:I have severe pain in my side with a high fever and shaking chills {t}
Should I take my phosphate binder before or after meals?,GREEN,en:should I take my phosphate binder before or after meals?
I have stage 3 kidney disease and my urine smells different than usual since last night,YELLOW,en:my urine smells different than usual {t}
"As a kidney patient, I have pain near my kidneys for the last two days",YELLOW,en:I have pain near my kidneys {t}
"Since my kidney stone, blood is coming through my urine since this afternoon",RED,en:blood is coming through my urine {t}
"Since my kidney stone, my urine smells different than usual since this afternoon",YELLOW,en:my urine smells different than usual {t}
"Please, do I need to fast before my blood test?",GREEN,en:do I need to fast before my blood test?
My doctor said I have reduced kidney function and I noticed blood in my urine for the last two days,RED,en:I noticed blood in my urine {t}
I'm on dialysis and I have some abdominal pain since last night,YELLOW,en:I have some abdominal pain {t}
"Since my kidney stone, I'm going to the bathroom less often since last night",YELLOW,en:I'm going to the bathroom less often {t}
I have CKD and this is the worst headache I've ever had this morning,RED,en:this is the worst headache I've ever had {t}
I've been peeing blood for the last two days,RED,en:I've been peeing blood {t}
"Since my kidney stone, I have some abdominal pain since last night",YELLOW,en:I have some abdominal pain {t}
"আমার কিডনি রোগ আছে, গতকাল থেকে প্রস্রাবের সাথে রক্ত যাচ্ছে",RED,bn:{t}প্রস্রাবের সাথে রক্ত যাচ্ছে
I'm on dialysis and my legs are hugely swollen and now it's hard to lie flat for a few days now,RED,en:my legs are hugely swollen and now it's hard to lie flat {t}
"As a kidney patient, I've had a headache on and off over the past week",YELLOW,en:I've had a headache on and off {t}
I had a kidney transplant last year and I've been feeling very tired and weak since this afternoon,YELLOW,en:I've been feeling very tired and weak {t}
"আমার কিডনির কার্যক্ষমতা কমে গেছে, কয়েকদিন ধরে বুকে ব্যথা করছে",RED,bn:{t}বুকে ব্যথা করছে
I passed out for the last two days,RED,en:I passed out {t}
"কিডনি রোগী হিসেবে বলছি, দুই দিন ধরে রক্ত বমি হচ্ছে",RED,bn:{t}রক্ত বমি হচ্ছে
"Please, what documents do I need for my next visit?",GREEN,en:what documents do I need for my next visit?
"কিডনি রোগী হিসেবে বলছি, গতকাল থেকে আমি জ্ঞান হারিয়ে ফেলেছিলাম",RED,bn:{t}আমি জ্ঞান হারিয়ে ফেলেছিলাম
বিল কি অনলাইনে দেওয়া যাবে?,GREEN,bn:বিল কি অনলাইনে দেওয়া যাবে?
"আমি ডায়ালাইসিস নিচ্ছি, কাল রাত থেকে বুকে ব্যথা করছে",RED,bn:{t}বুকে ব্যথা করছে
"Please, I need to reschedule my appointment next week",GREEN,en:I need to reschedule my appointment next week
"আসসালামু আলাইকুম, ভাত কতটুকু খাওয়া যাবে?",GREEN,bn:ভাত কতটুকু খাওয়া যাবে?
My doctor said I have reduced kidney function and I have some discomfort around my kidneys over the past week,YELLOW,en:I have some discomfort around my kidneys {t}
"Hi, I have a mild stomach ache after eating spicy food, is that normal?",GREEN,"en:I have a mild stomach ache after eating spicy food, is that normal?"
I have stage 3 kidney disease and there's blood when I pee for a few days now,RED,en:there's blood when I pee {t}
I had a kidney transplant last year and there's a metallic taste in my mouth for a few days now,YELLOW,en:there's a metallic taste in my mouth {t}
I had a kidney transplant last year and I fainted since last night,RED,en:I fainted {t}
"আমি ডায়ালাইসিস নিচ্ছি, কাল রাত থেকে কোমরে ব্যথা করছে",YELLOW,bn:{t}কোমরে ব্যথা করছে
I have stage 3 kidney disease and I feel dizzy when I stand up this morning,YELLOW,en:I feel dizzy when I stand up {t}
"Hi, is it normal to get an occasional mild headache?",GREEN,en:is it normal to get an occasional mild headache?
I had a kidney transplant last year and this is the worst headache I've ever had over the past week,RED,en:this is the worst headache I've ever had {t}
কয়েকদিন ধরে খিঁচুনি হয়েছে,RED,bn:{t}খিঁচুনি হয়েছে
"আমার কিডনি রোগ আছে, গতকাল থেকে পা ও গোড়ালি ফুলে আছে",YELLOW,bn:{t}পা ও গোড়ালি ফুলে আছে
"কিডনি রোগী হিসেবে বলছি, কয়েকদিন ধরে আগের চেয়ে কম প্রস্রাব হচ্ছে",YELLOW,bn:{t}আগের চেয়ে কম প্রস্রাব হচ্ছে
I have severe abdominal pain that won't go away for a few days now,RED,en:I have severe abdominal pain that won't go away {t}
I'm on dialysis and I fainted since last night,RED,en:I fainted {t}
I had a kidney transplant last year and I've been peeing blood this morning,RED,en:I've been peeing blood {t}
"As a kidney patient, I'm having chest pain since yesterday",RED,en:I'm having chest pain {t}
"কিডনি রোগী হিসেবে বলছি, আমি জ্ঞান হারিয়ে ফেলেছিলাম",RED,bn:{t}আমি জ্ঞান হারিয়ে ফেলেছিলাম
"Please, is there parking available at the clinic?",GREEN,en:is there parking available at the clinic?
"Since my kidney stone, I feel severely confused for the last two days",RED,en:I feel severely confused {t}
"Since my kidney stone, blood is coming through my urine for the last two days",RED,en:blood is coming through my urine {t}
I have stage 3 kidney disease and my heartbeat feels irregular and I'm very weak and dizzy since yesterday,RED,en:my heartbeat feels irregular and I'm very weak and dizzy {t}
"আসসালামু আলাইকুম, বিল কি অনলাইনে দেওয়া যাবে?",GREEN,bn:বিল কি অনলাইনে দেওয়া যাবে?
I have CKD and I'm peeing much less than before this morning,YELLOW,en:I'm peeing much less than before {t}
I have stage 3 kidney disease and my heartbeat feels irregular and I'm very weak and dizzy for a few days now,RED,en:my heartbeat feels irregular and I'm very weak and dizzy {t}
I have CKD and I've had trouble concentrating and feel foggy for the last two days,YELLOW,en:I've had trouble concentrating and feel foggy {t}
"দয়া করে জানাবেন, রক্ত পরীক্ষার আগে কি খালি পেটে থাকতে হবে?",GREEN,bn:রক্ত পরীক্ষার আগে কি খালি পেটে থাকতে হবে?
"Since my kidney stone, my urine output seems lower than normal over the past week",YELLOW,en:my urine output seems lower than normal {t}
"আমার কিডনি রোগ আছে, দুই দিন ধরে বমি বমি ভাব লাগছে",YELLOW,bn:{t}বমি বমি ভাব লাগছে
"As a kidney patient, I have some discomfort around my kidneys this morning",YELLOW,en:I have some discomfort around my kidneys {t}
"Please, is it safe for me to exercise at the gym?",GREEN,en:is it safe for me to exercise at the gym?
কাল রাত থেকে মাথা ঘোরাচ্ছে,YELLOW,bn:{t}মাথা ঘোরাচ্ছে
"As a kidney patient, I have severe abdominal pain that won't go away for the last two days",RED,en:I have severe abdominal pain that won't go away {t}
"Since my kidney stone, I've been short of breath since this afternoon",RED,en:I've been short of breath {t}
"Hi, can I drink coffee on my dialysis days?",GREEN,en:can I drink coffee on my dialysis days?
"কিডনি রোগী হিসেবে বলছি, দুই দিন ধরে প্রস্রাবে ফেনা হচ্ছে",YELLOW,bn:{t}প্রস্রাবে ফেনা হচ্ছে
কাল রাত থেকে খুব ক্লান্ত লাগছে,YELLOW,bn:{t}খুব ক্লান্ত লাগছে
"দয়া করে জানাবেন, প্রেসক্রিপশনের একটি কপি পাঠাতে পারবেন?",GREEN,bn:প্রেসক্রিপশনের একটি কপি পাঠাতে পারবেন?
"দয়া করে জানাবেন, আমি কি বিমানে ভ্রমণ করতে পারব?",GREEN,bn:আমি কি বিমানে ভ্রমণ করতে পারব?
"Please, is brown rice okay for my diet?",GREEN,en:is brown rice okay for my diet?
My doctor said I have reduced kidney function and I've been feeling very tired and weak this morning,YELLOW,en:I've been feeling very tired and weak {t}
"Hello, how many cups of fluid can I have daily?",GREEN,en:how many cups of fluid can I have daily?
একটা প্রশ্ন ছিল - পরের ভিজিট কবে?,GREEN,bn:পরের ভিজিট কবে?
"আমার কিডনি রোগ আছে, দুই দিন ধরে শ্বাস নিতে খুব কষ্ট হচ্ছে",RED,bn:{t}শ্বাস নিতে খুব কষ্ট হচ্ছে
"Hello, is it safe for me to exercise at the gym?",GREEN,en:is it safe for me to exercise at the gym?
"Hello, what should my daily water intake be?",GREEN,en:what should my daily water intake be?
My doctor said I have reduced kidney function and I can't catch my breath and my chest feels tight,RED,en:I can't catch my breath and my chest feels tight
My doctor said I have reduced kidney function and I can't breathe properly this morning,RED,en:I can't breathe properly {t}
I had a kidney transplant last year and this is the worst headache I've ever had since yesterday,RED,en:this is the worst headache I've ever had {t}
I have CKD and I have flank pain since this afternoon,YELLOW,en:I have flank pain {t}
I'm on dialysis and I noticed blood in my urine since this afternoon,RED,en:I noticed blood in my urine {t}
My doctor said I have reduced kidney function and I fainted for a few days now,RED,en:I fainted {t}
"আমি ডায়ালাইসিস নিচ্ছি, গতকাল থেকে প্রস্রাব করতে পারছি না",RED,bn:{t}প্রস্রাব করতে পারছি না
"Since my kidney stone, I feel nauseous and have lost my appetite for a few days now",YELLOW,en:I feel nauseous and have lost my appetite {t}
My doctor said I have reduced kidney function and my hands and feet feel swollen since last night,YELLOW,en:my hands and feet feel swollen {t}
I have CKD and my abdominal pain is severe and I also have a high fever since last night,RED,en:my abdominal pain is severe and I also have a high fever {t}
I've been sleeping badly and feel restless for the last two days,YELLOW,en:I've been sleeping badly and feel restless {t}
Quick question - are my last lab results available yet?,GREEN,en:are my last lab results available yet?
I'm on dialysis and my legs are hugely swollen and now it's hard to lie flat since yesterday,RED,en:my legs are hugely swollen and now it's hard to lie flat {t}
"Since my kidney stone, I think I had a seizure over the past week",RED,en:I think I had a seizure {t}
Is it okay to have oranges with my potassium levels?,GREEN,en:is it okay to have oranges with my potassium levels?
"Please, is it fine to have yogurt on my diet?",GREEN,en:is it fine to have yogurt on my diet?
"Since my kidney stone, there's blood when I pee this morning",RED,en:there's blood when I pee {t}
I'm on dialysis and I've had trouble concentrating and feel foggy since yesterday,YELLOW,en:I've had trouble concentrating and feel foggy {t}
"আমি ডায়ালাইসিস নিচ্ছি, হালকা জ্বর এসেছে",YELLOW,bn:{t}হালকা জ্বর এসেছে
I passed out since this afternoon,RED,en:I passed out {t}
রক্ত পরীক্ষার আগে কি খালি পেটে থাকতে হবে?,GREEN,bn:রক্ত পরীক্ষার আগে কি খালি পেটে থাকতে হবে?
"Please, can I travel by plane next month?",GREEN,en:can I travel by plane next month?
"আমি ডায়ালাইসিস নিচ্ছি, কাল রাত থেকে দম বন্ধ হয়ে আসছে",RED,bn:{t}দম বন্ধ হয়ে আসছে
I have CKD and I haven't been going to the bathroom as much since yesterday,YELLOW,en:I haven't been going to the bathroom as much {t}
"কিডনি রোগী হিসেবে বলছি, গতকাল থেকে বমি বমি ভাব লাগছে",YELLOW,bn:{t}বমি বমি ভাব লাগছে
"আসসালামু আলাইকুম, পরের ভিজিট কবে?",GREEN,bn:পরের ভিজিট কবে?
I have CKD and my urination has decreased over the past week,YELLOW,en:my urination has decreased {t}
Quick question - is the pharmacy open after 6 pm?,GREEN,en:is the pharmacy open after 6 pm?
I passed out since last night,RED,en:I passed out {t}
Quick question - should I bring my previous reports to the appointment?,GREEN,en:should I bring my previous reports to the appointment?
"Since my kidney stone, I have a sudden severe headache, the worst one of my life for a few days now",RED,"en:I have a sudden severe headache, the worst one of my life {t}"
"আমার কিডনি রোগ আছে, গতকাল থেকে মুখে ধাতব স্বাদ লাগছে",YELLOW,bn:{t}মুখে ধাতব স্বাদ লাগছে
"Good morning, can I switch to an evening dialysis slot?",GREEN,en:can I switch to an evening dialysis slot?
I have CKD and my legs are hugely swollen and now it's hard to lie flat since yesterday,RED,en:my legs are hugely swollen and now it's hard to lie flat {t}
"Good morning, can my family member pick up my medication?",GREEN,en:can my family member pick up my medication?
"Please, can I pay my bill online?",GREEN,en:can I pay my bill online?
আজ সকাল থেকে রক্ত বমি হচ্ছে,RED,bn:{t}রক্ত বমি হচ্ছে
I have stage 3 kidney disease and I noticed blood in my urine for the last two days,RED,en:I noticed blood in my urine {t}
I'm on dialysis and I have severe pain in my side with a high fever and shaking chills since last night,RED,en:I have severe pain in my side with a high fever and shaking chills {t}
"Please, how do I sign up for the patient portal?",GREEN,en:how do I sign up for the patient portal?
I had a kidney transplant last year and I feel severely confused for the last two days,RED,en:I feel severely confused {t}
My doctor said I have reduced kidney function and I've been short of breath this morning,RED,en:I've been short of breath {t}
I have stage 3 kidney disease and I have heavy bleeding that won't stop since this afternoon,RED,en:I have heavy bleeding that won't stop {t}
Is there parking available at the clinic?,GREEN,en:is there parking available at the clinic?
"Hi, can I switch to an evening dialysis slot?",GREEN,en:can I switch to an evening dialysis slot?
How many cups of fluid can I have daily?,GREEN,en:how many cups of fluid can I have daily?
"Since my kidney stone, I've been peeing blood for a few days now",RED,en:I've been peeing blood {t}
"আমি ডায়ালাইসিস নিচ্ছি, পা ও গোড়ালি ফুলে আছে",YELLOW,bn:{t}পা ও গোড়ালি ফুলে আছে
I had a kidney transplant last year and I feel nauseous and have lost my appetite for the last two days,YELLOW,en:I feel nauseous and have lost my appetite {t}
"দয়া করে জানাবেন, ওষুধ কি খাবারের আগে না পরে খাব?",GREEN,bn:ওষুধ কি খাবারের আগে না পরে খাব?
My doctor said I have reduced kidney function and I have a headache for the last two days,YELLOW,en:I have a headache {t}
I have pain near my kidneys this morning,YELLOW,en:I have pain near my kidneys {t}
"Since my kidney stone, I have severe abdominal pain that won't go away for the last two days",RED,en:I have severe abdominal pain that won't go away {t}
Can I pay my bill online?,GREEN,en:can I pay my bill online?
I have stage 3 kidney disease and my legs and ankles have been swelling since last night,YELLOW,en:my legs and ankles have been swelling {t}
"আমার কিডনি রোগ আছে, কাল রাত থেকে সারা শরীর চুলকাচ্ছে",YELLOW,bn:{t}সারা শরীর চুলকাচ্ছে
"আমি ডায়ালাইসিস নিচ্ছি, আজ সকাল থেকে হালকা মাথাব্যথা করছে",YELLOW,bn:{t}হালকা মাথাব্যথা করছে
I have stage 3 kidney disease and my legs are hugely swollen and now it's hard to lie flat this morning,RED,en:my legs are hugely swollen and now it's hard to lie flat {t}
"As a kidney patient, I have some discomfort around my kidneys since this afternoon",YELLOW,en:I have some discomfort around my kidneys {t}
"Hello, I'd like to request a refill of my blood pressure medication",GREEN,en:I'd like to request a refill of my blood pressure medication
"আমার কিডনি রোগ আছে, খুব দুর্বল লাগছে",YELLOW,bn:{t}খুব দুর্বল লাগছে
"Good morning, is it fine to have yogurt on my diet?",GREEN,en:is it fine to have yogurt on my diet?
I have CKD and I've been feeling very tired and weak for a few days now,YELLOW,en:I've been feeling very tired and weak {t}
"Good morning, thank you for the help during my last visit",GREEN,en:thank you for the help during my last visit
দুই দিন ধরে রক্ত বমি হচ্ছে,RED,bn:{t}রক্ত বমি হচ্ছে
"আসসালামু আলাইকুম, দিনে কতটুকু পানি খাব?",GREEN,bn:দিনে কতটুকু পানি খাব?
"আমার কিডনির কার্যক্ষমতা কমে গেছে, দুই দিন ধরে খেতে ইচ্ছে করছে না",YELLOW,bn:{t}খেতে ইচ্ছে করছে না
I've been urinating less than usual for the last two days,YELLOW,en:I've been urinating less than usual {t}
"Since my kidney stone, my urine looks foamy over the past week",YELLOW,en:my urine looks foamy {t}
"কিডনি রোগী হিসেবে বলছি, কয়েকদিন ধরে শ্বাসকষ্ট হচ্ছে",RED,bn:{t}শ্বাসকষ্ট হচ্ছে
I had a kidney transplant last year and I'm going to the bathroom less often this morning,YELLOW,en:I'm going to the bathroom less often {t}
"Good morning, can I book an appointment for next Monday?",GREEN,en:can I book an appointment for next Monday?
I had a kidney transplant last year and I've been short of breath since yesterday,RED,en:I've been short of breath {t}
I had a kidney transplant last year and my hands and feet feel swollen over the past week,YELLOW,en:my hands and feet feel swollen {t}
"আমি ডায়ালাইসিস নিচ্ছি, আগের চেয়ে কম প্রস্রাব হচ্ছে",YELLOW,bn:{t}আগের চেয়ে কম প্রস্রাব হচ্ছে
"Since my kidney stone, this is the worst headache I've ever had for the last two days",RED,en:this is the worst headache I've ever had {t}
"Good morning, should I bring my previous reports to the appointment?",GREEN,en:should I bring my previous reports to the appointment?
I had a kidney transplant last year and I'm extremely drowsy and can barely stay awake over the past week,RED,en:I'm extremely drowsy and can barely stay awake {t}
আজ সকাল থেকে মুখ ফুলে গেছে,YELLOW,bn:{t}মুখ ফুলে গেছে
My doctor said I have reduced kidney function and there's blood in my urine and it won't stop,RED,en:there's blood in my urine and it won't stop
"আমার কিডনির কার্যক্ষমতা কমে গেছে, কয়েকদিন ধরে রক্ত বমি হচ্ছে",RED,bn:{t}রক্ত বমি হচ্ছে
Is it normal to get an occasional mild headache?,GREEN,en:is it normal to get an occasional mild headache?
"Since my kidney stone, I fainted since last night",RED,en:I fainted {t}
I have stage 3 kidney disease and I feel nauseous and have lost my appetite this morning,YELLOW,en:I feel nauseous and have lost my appetite {t}
I'm not urinating as much as I used to for a few days now,YELLOW,en:I'm not urinating as much as I used to {t}
"Since my kidney stone, there's blood when I pee for a few days now",RED,en:there's blood when I pee {t}
"দয়া করে জানাবেন, কলা খেতে পারব কি?",GREEN,bn:কলা খেতে পারব কি?
I had a kidney transplant last year and I haven't been going to the bathroom as much since this afternoon,YELLOW,en:I haven't been going to the bathroom as much {t}
"কিডনি রোগী হিসেবে বলছি, কয়েকদিন ধরে রক্তচাপ স্বাভাবিকের চেয়ে বেশি",YELLOW,bn:{t}রক্তচাপ স্বাভাবিকের চেয়ে বেশি
"Hi, can I get a medical certificate for work?",GREEN,en:can I get a medical certificate for work?
I have CKD and I noticed blood in my urine since this afternoon,RED,en:I noticed blood in my urine {t}
"Hello, how do I sign up for the patient portal?",GREEN,en:how do I sign up for the patient portal?
"আমার কিডনির কার্যক্ষমতা কমে গেছে, গতকাল থেকে পায়ে খিল ধরছে",YELLOW,bn:{t}পায়ে খিল ধরছে
"Since my kidney stone, I've been short of breath for a few days now",RED,en:I've been short of breath {t}
"আমার কিডনির কার্যক্ষমতা কমে গেছে, কাল রাত থেকে অজ্ঞান হয়ে গিয়েছিলাম",RED,bn:{t}অজ্ঞান হয়ে গিয়েছিলাম
"Good morning, can you send me a copy of my prescription?",GREEN,en:can you send me a copy of my prescription?
"Please, can my family member pick up my medication?",GREEN,en:can my family member pick up my medication?
"As a kidney patient, I have no urine output since yesterday",RED,en:I have no urine output {t}
I had a kidney transplant last year and I have some discomfort around my kidneys over the past week,YELLOW,en:I have some discomfort around my kidneys {t}
"আমি ডায়ালাইসিস নিচ্ছি, আজ সকাল থেকে আমি জ্ঞান হারিয়ে ফেলেছিলাম",RED,bn:{t}আমি জ্ঞান হারিয়ে ফেলেছিলাম
"I'm on dialysis and I have a sudden severe headache, the worst one of my life for the last two days",RED,"en:I have a sudden severe headache, the worst one of my life {t}"
একটা প্রশ্ন ছিল - আমি কি বিমানে ভ্রমণ করতে পারব?,GREEN,bn:আমি কি বিমানে ভ্রমণ করতে পারব?
My doctor said I have reduced kidney function and I've been vomiting blood since last night,RED,en:I've been vomiting blood {t}
"আমার কিডনির কার্যক্ষমতা কমে গেছে, কয়েকদিন ধরে পা ও গোড়ালি ফুলে আছে",YELLOW,bn:{t}পা ও গোড়ালি ফুলে আছে
I had a kidney transplant last year and I have pain near my kidneys since this afternoon,YELLOW,en:I have pain near my kidneys {t}
কয়েকদিন ধরে হঠাৎ তীব্র মাথাব্যথা শুরু হয়েছে,RED,bn:{t}হঠাৎ তীব্র মাথাব্যথা শুরু হয়েছে
Quick question - I need to reschedule my appointment next week,GREEN,en:I need to reschedule my appointment next week
"Hello, should I take my phosphate binder before or after meals?",GREEN,en:should I take my phosphate binder before or after meals?
I'm on dialysis and I think I had a seizure over the past week,RED,en:I think I had a seizure {t}
"I had a kidney transplant last year and not peeing much lately, is that normal?",YELLOW,"en:not peeing much lately, is that normal?"
"কিডনি রোগী হিসেবে বলছি, আজ সকাল থেকে প্রস্রাবের সাথে রক্ত যাচ্ছে",RED,bn:{t}প্রস্রাবের সাথে রক্ত যাচ্ছে
I can't breathe properly for a few days now,RED,en:I can't breathe properly {t}
"কিডনি রোগী হিসেবে বলছি, দুই দিন ধরে হঠাৎ তীব্র মাথাব্যথা শুরু হয়েছে",RED,bn:{t}হঠাৎ তীব্র মাথাব্যথা শুরু হয়েছে
"Good morning, is there parking available at the clinic?",GREEN,en:is there parking available at the clinic?
Quick question - can I get a medical certificate for work?,GREEN,en:can I get a medical certificate for work?
I had a kidney transplant last year and I've been short of breath since this afternoon,RED,en:I've been short of breath {t}
My doctor said I have reduced kidney function and my urine output seems lower than normal since last night,YELLOW,en:my urine output seems lower than normal {t}
I have stage 3 kidney disease and I haven't been peeing much lately,YELLOW,en:I haven't been peeing much lately
"As a kidney patient, blood is coming through my urine since yesterday",RED,en:blood is coming through my urine {t}
I'm on dialysis and I have pain near my kidneys this morning,YELLOW,en:I have pain near my kidneys {t}
"Good morning, is brown rice okay for my diet?",GREEN,en:is brown rice okay for my diet?
I have some abdominal pain this morning,YELLOW,en:I have some abdominal pain {t}
I had a kidney transplant last year and I have flank pain since this afternoon,YELLOW,en:I have flank pain {t}
"Good morning, how do I update my address in your records?",GREEN,en:how do I update my address in your records?
"As a kidney patient, there's blood when I pee this morning",RED,en:there's blood when I pee {t}
"Since my kidney stone, I have mild abdominal discomfort over the past week",YELLOW,en:I have mild abdominal discomfort {t}
Can I take paracetamol for a mild headache?,GREEN,en:can I take paracetamol for a mild headache?
I have stage 3 kidney disease and I've been short of breath for a few days now,RED,en:I've been short of breath {t}
কাল রাত থেকে বুকে চাপ লাগছে,RED,bn:{t}বুকে চাপ লাগছে
"Good morning, can I get my flu vaccination at the clinic?",GREEN,en:can I get my flu vaccination at the clinic?
My doctor said I have reduced kidney function and I haven't been going to the bathroom as much over the past week,YELLOW,en:I haven't been going to the bathroom as much {t}
"Please, does the clinic open on weekends?",GREEN,en:does the clinic open on weekends?
"Please, are my last lab results available yet?",GREEN,en:are my last lab results available yet?
I'm on dialysis and I have flank pain over the past week,YELLOW,en:I have flank pain {t}
I'm going to the bathroom less often for a few days now,YELLOW,en:I'm going to the bathroom less often {t}
"Since my kidney stone, I can't breathe properly for the last two days",RED,en:I can't breathe properly {t}
"কিডনি রোগী হিসেবে বলছি, গতকাল থেকে আগের চেয়ে কম প্রস্রাব হচ্ছে",YELLOW,bn:{t}আগের চেয়ে কম প্রস্রাব হচ্ছে
"I'm on dialysis and I have a sudden severe headache, the worst one of my life since yesterday",RED,"en:I have a sudden severe headache, the worst one of my life {t}"
I had a kidney transplant last year and I can't breathe properly over the past week,RED,en:I can't breathe properly {t}
দুই দিন ধরে পেটে হালকা ব্যথা,YELLOW,bn:{t}পেটে হালকা ব্যথা
ব্যায়াম করা কি আমার জন্য নিরাপদ?,GREEN,bn:ব্যায়াম করা কি আমার জন্য নিরাপদ?
Is the pharmacy open after 6 pm?,GREEN,en:is the pharmacy open after 6 pm?
"Hello, when is my next follow-up scheduled?",GREEN,en:when is my next follow-up scheduled?
I have stage 3 kidney disease and I have severe pain in my side with a high fever and shaking chills over the past week,RED,en:I have severe pain in my side with a high fever and shaking chills {t}
I'm on dialysis and I feel severely confused for a few days now,RED,en:I feel severely confused {t}
"Hello, is a bit of an upset stomach after meals normal for my condition?",GREEN,en:is a bit of an upset stomach after meals normal for my condition?
"আমি ডায়ালাইসিস নিচ্ছি, দম বন্ধ হয়ে আসছে",RED,bn:{t}দম বন্ধ হয়ে আসছে
"কিডনি রোগী হিসেবে বলছি, গতকাল থেকে বুকে ব্যথা করছে",RED,bn:{t}বুকে ব্যথা করছে
"আমার কিডনি রোগ আছে, আজ সকাল থেকে আমি জ্ঞান হারিয়ে ফেলেছিলাম",RED,bn:{t}আমি জ্ঞান হারিয়ে ফেলেছিলাম
Can I switch to an evening dialysis slot?,GREEN,en:can I switch to an evening dialysis slot?
My doctor said I have reduced kidney function and my ankles leave a dent when I press them this morning,YELLOW,en:my ankles leave a dent when I press them {t}
"Please, is a bit of an upset stomach after meals normal for my condition?",GREEN,en:is a bit of an upset stomach after meals normal for my condition?
I'm on dialysis and I passed out for a few days now,RED,en:I passed out {t}
"আমার কিডনি রোগ আছে, দুই দিন ধরে বুকে ব্যথা করছে",RED,bn:{t}বুকে ব্যথা করছে
"কিডনি রোগী হিসেবে বলছি, কাল রাত থেকে শ্বাস নিতে খুব কষ্ট হচ্ছে",RED,bn:{t}শ্বাস নিতে খুব কষ্ট হচ্ছে
Quick question - does the clinic open on weekends?,GREEN,en:does the clinic open on weekends?
"As a kidney patient, I have a mild headache since this afternoon",YELLOW,en:I have a mild headache {t}
দুই দিন ধরে প্রস্রাব করতে পারছি না,RED,bn:{t}প্রস্রাব করতে পারছি না
"কিডনি রোগী হিসেবে বলছি, গতকাল থেকে হঠাৎ তীব্র মাথাব্যথা শুরু হয়েছে",RED,bn:{t}হঠাৎ তীব্র মাথাব্যথা শুরু হয়েছে
"Please, should I take my phosphate binder before or after meals?",GREEN,en:should I take my phosphate binder before or after meals?
"Since my kidney stone, I have no urine output for the last two days",RED,en:I have no urine output {t}
"আমার কিডনির কার্যক্ষমতা কমে গেছে, দুই দিন ধরে শ্বাসকষ্ট হচ্ছে",RED,bn:{t}শ্বাসকষ্ট হচ্ছে
"কিডনি রোগী হিসেবে বলছি, অজ্ঞান হয়ে গিয়েছিলাম",RED,bn:{t}অজ্ঞান হয়ে গিয়েছিলাম
"Since my kidney stone, I've had muscle cramps since last night",YELLOW,en:I've had muscle cramps {t}
"As a kidney patient, I haven't passed any urine over the past week",RED,en:I haven't passed any urine {t}
I have stage 3 kidney disease and I have some abdominal cramping for the last two days,YELLOW,en:I have some abdominal cramping {t}
"Please, how long does a routine checkup usually take?",GREEN,en:how long does a routine checkup usually take?
একটা প্রশ্ন ছিল - ওষুধ খাওয়ার নিয়ম কী?,GREEN,bn:ওষুধ খাওয়ার নিয়ম কী?
"As a kidney patient, my urine has an unusual smell since last night",YELLOW,en:my urine has an unusual smell {t}
"আমি ডায়ালাইসিস নিচ্ছি, গতকাল থেকে খেতে ইচ্ছে করছে না",YELLOW,bn:{t}খেতে ইচ্ছে করছে না
"কিডনি রোগী হিসেবে বলছি, কাল রাত থেকে প্রস্রাবে রক্ত যাচ্ছে",RED,bn:{t}প্রস্রাবে রক্ত যাচ্ছে
I have CKD and I think I had a seizure this morning,RED,en:I think I had a seizure {t}
I'm on dialysis and I have a mild headache this morning,YELLOW,en:I have a mild headache {t}
"Hi, is it okay to have oranges with my potassium levels?",GREEN,en:is it okay to have oranges with my potassium levels?
I'm on dialysis and I've had trouble concentrating and feel foggy since last night,YELLOW,en:I've had trouble concentrating and feel foggy {t}
Quick question - is brown rice okay for my diet?,GREEN,en:is brown rice okay for my diet?
There's a metallic taste in my mouth over the past week,YELLOW,en:there's a metallic taste in my mouth {t}
My side hurts near where my kidney is for a few days now,YELLOW,en:my side hurts near where my kidney is {t}
"আসসালামু আলাইকুম, আমি কি বিমানে ভ্রমণ করতে পারব?",GREEN,bn:আমি কি বিমানে ভ্রমণ করতে পারব?
"As a kidney patient, I have some abdominal cramping this morning",YELLOW,en:I have some abdominal cramping {t}
"Since my kidney stone, I passed out for a few days now",RED,en:I passed out {t}
I've been vomiting blood for a few days now,RED,en:I've been vomiting blood {t}
I have CKD and I feel severely confused since yesterday,RED,en:I feel severely confused {t}
I'd like to request a refill of my blood pressure medication,GREEN,en:I'd like to request a refill of my blood pressure medication
"Please, I get a mild headache sometimes, is that anything to worry about?",GREEN,"en:I get a mild headache sometimes, is that anything to worry about?"
I had a kidney transplant last year and my urine output seems lower than normal over the past week,YELLOW,en:my urine output seems lower than normal {t}
"Since my kidney stone, I have crushing pain spreading to my arm and jaw",RED,en:I have crushing pain spreading to my arm and jaw
"আমার কিডনি রোগ আছে, আজ সকাল থেকে পা ও গোড়ালি ফুলে আছে",YELLOW,bn:{t}পা ও গোড়ালি ফুলে আছে
I'm on dialysis and my eyes are puffy in the mornings for the last two days,YELLOW,en:my eyes are puffy in the mornings {t}
Blood is coming through my urine for the last two days,RED,en:blood is coming through my urine {t}
Quick question - is it fine to have yogurt on my diet?,GREEN,en:is it fine to have yogurt on my diet?
Are my last lab results available yet?,GREEN,en:are my last lab results available yet?
"Hi, can I book an appointment for next Monday?",GREEN,en:can I book an appointment for next Monday?
I have heavy bleeding that won't stop since last night,RED,en:I have heavy bleeding that won't stop {t}
"Hi, can I eat bananas on my current diet?",GREEN,en:can I eat bananas on my current diet?
My doctor said I have reduced kidney function and I've been short of breath for a few days now,RED,en:I've been short of breath {t}
"Hello, how do I update my address in your records?",GREEN,en:how do I update my address in your records?
I'm on dialysis and my urine looks foamy for a few days now,YELLOW,en:my urine looks foamy {t}
Can I eat tomatoes with my condition?,GREEN,en:can I eat tomatoes with my condition?
My eyes are puffy in the mornings since last night,YELLOW,en:my eyes are puffy in the mornings {t}
I had a kidney transplant last year and I have severe pain in my side with a high fever and shaking chills since yesterday,RED,en:I have severe pain in my side with a high fever and shaking chills {t}
"Since my kidney stone, my heartbeat feels irregular and I'm very weak and dizzy since last night",RED,en:my heartbeat feels irregular and I'm very weak and dizzy {t}
I'm on dialysis and my abdominal pain is severe and I also have a high fever for a few days now,RED,en:my abdominal pain is severe and I also have a high fever {t}
"Since my kidney stone, I've had a headache on and off since this afternoon",YELLOW,en:I've had a headache on and off {t}
"আমি ডায়ালাইসিস নিচ্ছি, দুই দিন ধরে প্রস্রাব হচ্ছে না",RED,bn:{t}প্রস্রাব হচ্ছে না
"Hi, can I travel by plane next month?",GREEN,en:can I travel by plane next month?
"As a kidney patient, I have some abdominal cramping for the last two days",YELLOW,en:I have some abdominal cramping {t}
I've been feeling very tired and weak since yesterday,YELLOW,en:I've been feeling very tired and weak {t}
I had a kidney transplant last year and I have a mild headache this morning,YELLOW,en:I have a mild headache {t}
খুব ক্লান্ত লাগছে,YELLOW,bn:{t}খুব ক্লান্ত লাগছে
I have stage 3 kidney disease and I've had trouble concentrating and feel foggy over the past week,YELLOW,en:I've had trouble concentrating and feel foggy {t}
আজ সকাল থেকে প্রস্রাব হচ্ছে না,RED,bn:{t}প্রস্রাব হচ্ছে না
দুই দিন ধরে মুখে ধাতব স্বাদ লাগছে,YELLOW,bn:{t}মুখে ধাতব স্বাদ লাগছে
I've been urinating less than usual since yesterday,YELLOW,en:I've been urinating less than usual {t}
"দয়া করে জানাবেন, ক্লিনিক কি শুক্রবার খোলা থাকে?",GREEN,bn:ক্লিনিক কি শুক্রবার খোলা থাকে?
"Please, can I eat bananas on my current diet?",GREEN,en:can I eat bananas on my current diet?
"I have a sudden severe headache, the worst one of my life since this afternoon",RED,"en:I have a sudden severe headache, the worst one of my life {t}"
I have CKD and my urine has turned dark like cola and I feel terrible since this afternoon,RED,en:my urine has turned dark like cola and I feel terrible {t}
"আমার কিডনির কার্যক্ষমতা কমে গেছে, আজ সকাল থেকে প্রস্রাবের সাথে রক্ত যাচ্ছে",RED,bn:{t}প্রস্রাবের সাথে রক্ত যাচ্ছে
I'm on dialysis and I feel severely confused since yesterday,RED,en:I feel severely confused {t}
"Hi, is a bit of an upset stomach after meals normal for my condition?",GREEN,en:is a bit of an upset stomach after meals normal for my condition?
"As a kidney patient, I have a mild headache for a few days now",YELLOW,en:I have a mild headache {t}
দিনে কতটুকু পানি খাব?,GREEN,bn:দিনে কতটুকু পানি খাব?
I have CKD and my legs and ankles have been swelling over the past week,YELLOW,en:my legs and ankles have been swelling {t}
"দয়া করে জানাবেন, গত ভিজিটে সাহায্যের জন্য ধন্যবাদ",GREEN,bn:গত ভিজিটে সাহায্যের জন্য ধন্যবাদ
"Good morning, how many cups of fluid can I have daily?",GREEN,en:how many cups of fluid can I have daily?
I'm on dialysis and my heartbeat feels irregular and I'm very weak and dizzy since this afternoon,RED,en:my heartbeat feels irregular and I'm very weak and dizzy {t}
"আমার কিডনির কার্যক্ষমতা কমে গেছে, কাল রাত থেকে মুখে ধাতব স্বাদ লাগছে",YELLOW,bn:{t}মুখে ধাতব স্বাদ লাগছে
"Since my kidney stone, I feel severely confused since last night",RED,en:I feel severely confused {t}
I had a kidney transplant last year and I've been sleeping badly and feel restless for the last two days,YELLOW,en:I've been sleeping badly and feel restless {t}
"Hello, can I eat bananas on my current diet?",GREEN,en:can I eat bananas on my current diet?
একটা প্রশ্ন ছিল - আমার রিপোর্ট কি চলে এসেছে?,GREEN,bn:আমার রিপোর্ট কি চলে এসেছে?
Quick question - what documents do I need for my next visit?,GREEN,en:what documents do I need for my next visit?
কাল রাত থেকে পা ফুলে যাচ্ছে,YELLOW,bn:{t}পা ফুলে যাচ্ছে
I had a kidney transplant last year and I've had a dull headache and feel a bit off for a few days now,YELLOW,en:I've had a dull headache and feel a bit off {t}
I have stage 3 kidney disease and blood is coming through my urine for the last two days,RED,en:blood is coming through my urine {t}
Quick question - do I need to fast before my blood test?,GREEN,en:do I need to fast before my blood test?
I'm on dialysis and I think I had a seizure since yesterday,RED,en:I think I had a seizure {t}
Do I need to fast before my blood test?,GREEN,en:do I need to fast before my blood test?
"Since my kidney stone, I have heavy bleeding that won't stop over the past week",RED,en:I have heavy bleeding that won't stop {t}
Blood is coming through my urine over the past week,RED,en:blood is coming through my urine {t}
My doctor said I have reduced kidney function and I've been peeing blood since this afternoon,RED,en:I've been peeing blood {t}
"আসসালামু আলাইকুম, টমেটো খাওয়া যাবে কি?",GREEN,bn:টমেটো খাওয়া যাবে কি?
Quick question - how much salt is safe for me per day?,GREEN,en:how much salt is safe for me per day?
"Good morning, how long does a routine checkup usually take?",GREEN,en:how long does a routine checkup usually take?
"Hi, is there wheelchair access at the entrance?",GREEN,en:is there wheelchair access at the entrance?
"Hi, does the clinic open on weekends?",GREEN,en:does the clinic open on weekends?
"আসসালামু আলাইকুম, আমার রিপোর্ট কি চলে এসেছে?",GREEN,bn:আমার রিপোর্ট কি চলে এসেছে?
I had a kidney transplant last year and I think I had a seizure for a few days now,RED,en:I think I had a seizure {t}
I have CKD and I fainted since last night,RED,en:I fainted {t}
ক্লিনিক কি শুক্রবার খোলা থাকে?,GREEN,bn:ক্লিনিক কি শুক্রবার খোলা থাকে?
I had a kidney transplant last year and my abdominal pain is severe and I also have a high fever since yesterday,RED,en:my abdominal pain is severe and I also have a high fever {t}
Can you send me a copy of my prescription?,GREEN,en:can you send me a copy of my prescription?
কাল রাত থেকে হালকা জ্বর এসেছে,YELLOW,bn:{t}হালকা জ্বর এসেছে
"কিডনি রোগী হিসেবে বলছি, গতকাল থেকে রক্তচাপ স্বাভাবিকের চেয়ে বেশি",YELLOW,bn:{t}রক্তচাপ স্বাভাবিকের চেয়ে বেশি
I had a kidney transplant last year and I've been really itchy all over for a few days now,YELLOW,en:I've been really itchy all over {t}
"কিডনি রোগী হিসেবে বলছি, আজ সকাল থেকে প্রস্রাব করতে পারছি না",RED,bn:{t}প্রস্রাব করতে পারছি না
"Since my kidney stone, I haven't passed any urine over the past week",RED,en:I haven't passed any urine {t}
I had a kidney transplant last year and I'm peeing much less than before this morning,YELLOW,en:I'm peeing much less than before {t}
"আমি ডায়ালাইসিস নিচ্ছি, দুই দিন ধরে আমি জ্ঞান হারিয়ে ফেলেছিলাম",RED,bn:{t}আমি জ্ঞান হারিয়ে ফেলেছিলাম
একটা প্রশ্ন ছিল - টমেটো খাওয়া যাবে কি?,GREEN,bn:টমেটো খাওয়া যাবে কি?
I have stage 3 kidney disease and I have flank pain over the past week,YELLOW,en:I have flank pain {t}
"As a kidney patient, I have some abdominal pain over the past week",YELLOW,en:I have some abdominal pain {t}
I have CKD and my urine has turned dark like cola and I feel terrible for the last two days,RED,en:my urine has turned dark like cola and I feel terrible {t}
"Since my kidney stone, I have severe pain in my side with a high fever and shaking chills for a few days now",RED,en:I have severe pain in my side with a high fever and shaking chills {t}
My doctor said I have reduced kidney function and my side hurts near where my kidney is over the past week,YELLOW,en:my side hurts near where my kidney is {t}
I'm on dialysis and I fainted since this afternoon,RED,en:I fainted {t}
I feel dizzy when I stand up over the past week,YELLOW,en:I feel dizzy when I stand up {t}
"কিডনি রোগী হিসেবে বলছি, কয়েকদিন ধরে প্রস্রাবের সাথে রক্ত যাচ্ছে",RED,bn:{t}প্রস্রাবের সাথে রক্ত যাচ্ছে
আমি কি বিমানে ভ্রমণ করতে পারব?,GREEN,bn:আমি কি বিমানে ভ্রমণ করতে পারব?
I'm extremely drowsy and can barely stay awake this morning,RED,en:I'm extremely drowsy and can barely stay awake {t}
I have stage 3 kidney disease and my heartbeat feels irregular and I'm very weak and dizzy since last night,RED,en:my heartbeat feels irregular and I'm very weak and dizzy {t}
My doctor said I have reduced kidney function and is it normal that I'm peeing so little lately?,YELLOW,en:is it normal that I'm peeing so little lately?
I've gained a few kilos over the past week and feel bloated,YELLOW,en:I've gained a few kilos {t} and feel bloated
Quick question - what should my daily water intake be?,GREEN,en:what should my daily water intake be?
একটা প্রশ্ন ছিল - দিনে কতটুকু পানি খাব?,GREEN,bn:দিনে কতটুকু পানি খাব?
একটা প্রশ্ন ছিল - প্রেসক্রিপশনের একটি কপি পাঠাতে পারবেন?,GREEN,bn:প্রেসক্রিপশনের একটি কপি পাঠাতে পারবেন?
"As a kidney patient, I'm going to the bathroom less often since this afternoon",YELLOW,en:I'm going to the bathroom less often {t}
My ankles leave a dent when I press them for a few days now,YELLOW,en:my ankles leave a dent when I press them {t}
"কিডনি রোগী হিসেবে বলছি, আজ সকাল থেকে আমি জ্ঞান হারিয়ে ফেলেছিলাম",RED,bn:{t}আমি জ্ঞান হারিয়ে ফেলেছিলাম
"Please, how much salt is safe for me per day?",GREEN,en:how much salt is safe for me per day?
I'm on dialysis and I fainted since yesterday,RED,en:I fainted {t}
"Hi, can I take paracetamol for a mild headache?",GREEN,en:can I take paracetamol for a mild headache?
দুই দিন ধরে সারা শরীর চুলকাচ্ছে,YELLOW,bn:{t}সারা শরীর চুলকাচ্ছে
I passed out since yesterday,RED,en:I passed out {t}
"Not peeing much lately, is that normal?",YELLOW,"en:not peeing much lately, is that normal?"
"Since my kidney stone, my hands and feet feel swollen since this afternoon",YELLOW,en:my hands and feet feel swollen {t}
"কিডনি রোগী হিসেবে বলছি, প্রস্রাবের সাথে রক্ত যাচ্ছে",RED,bn:{t}প্রস্রাবের সাথে রক্ত যাচ্ছে
My doctor said I have reduced kidney function and my legs are hugely swollen and now it's hard to lie flat since yesterday,RED,en:my legs are hugely swollen and now it's hard to lie flat {t}
"Hi, what documents do I need for my next visit?",GREEN,en:what documents do I need for my next visit?
I have CKD and my urination has decreased for the last two days,YELLOW,en:my urination has decreased {t}
"Hello, is it fine to have yogurt on my diet?",GREEN,en:is it fine to have yogurt on my diet?
"I get a mild headache sometimes, is that anything to worry about?",GREEN,"en:I get a mild headache sometimes, is that anything to worry about?"
"আমার কিডনির কার্যক্ষমতা কমে গেছে, আজ সকাল থেকে হালকা মাথাব্যথা করছে",YELLOW,bn:{t}হালকা মাথাব্যথা করছে
"Since my kidney stone, I have a sudden severe headache, the worst one of my life since last night",RED,"en:I have a sudden severe headache, the worst one of my life {t}"
"আমার কিডনির কার্যক্ষমতা কমে গেছে, আজ সকাল থেকে আগের চেয়ে কম প্রস্রাব হচ্ছে",YELLOW,bn:{t}আগের চেয়ে কম প্রস্রাব হচ্ছে
"আমি ডায়ালাইসিস নিচ্ছি, কয়েকদিন ধরে রক্ত বমি হচ্ছে",RED,bn:{t}রক্ত বমি হচ্ছে
I have stage 3 kidney disease and I've been urinating less than usual since this afternoon,YELLOW,en:I've been urinating less than usual {t}
I'm on dialysis and I have severe abdominal pain that won't go away for the last two days,RED,en:I have severe abdominal pain that won't go away {t}
I have CKD and I have a dull ache in my kidney area over the past week,YELLOW,en:I have a dull ache in my kidney area {t}
When is my next follow-up scheduled?,GREEN,en:when is my next follow-up scheduled?
I have stage 3 kidney disease and my urine output seems lower than normal this morning,YELLOW,en:my urine output seems lower than normal {t}
I'm on dialysis and I'm not urinating as much as I used to since last night,YELLOW,en:I'm not urinating as much as I used to {t}
I have CKD and I have a mild fever for the last two days,YELLOW,en:I have a mild fever {t}
Can I reschedule my lab test to the morning?,GREEN,en:can I reschedule my lab test to the morning?
"As a kidney patient, my legs and ankles have been swelling for a few days now",YELLOW,en:my legs and ankles have been swelling {t}
My doctor said I have reduced kidney function and I've noticed a strange odor in my urine since yesterday,YELLOW,en:I've noticed a strange odor in my urine {t}
My doctor said I have reduced kidney function and my ankles leave a dent when I press them for a few days now,YELLOW,en:my ankles leave a dent when I press them {t}
I have stage 3 kidney disease and I have mild abdominal discomfort since yesterday,YELLOW,en:I have mild abdominal discomfort {t}
"I had a kidney transplant last year and I have a sudden severe headache, the worst one of my life over the past week",RED,"en:I have a sudden severe headache, the worst one of my life {t}"
Can I get my flu vaccination at the clinic?,GREEN,en:can I get my flu vaccination at the clinic?
"আমার কিডনি রোগ আছে, খুব ক্লান্ত লাগছে",YELLOW,bn:{t}খুব ক্লান্ত লাগছে
"আমি ডায়ালাইসিস নিচ্ছি, গতকাল থেকে খিঁচুনি হয়েছে",RED,bn:{t}খিঁচুনি হয়েছে
"Hello, which foods are high in potassium that I should avoid?",GREEN,en:which foods are high in potassium that I should avoid?
How much salt is safe for me per day?,GREEN,en:how much salt is safe for me per day?
My doctor said I have reduced kidney function and I have some abdominal cramping this morning,YELLOW,en:I have some abdominal cramping {t}
আমার রিপোর্ট কি চলে এসেছে?,GREEN,bn:আমার রিপোর্ট কি চলে এসেছে?
My back is hurting near my kidneys since last night,YELLOW,en:my back is hurting near my kidneys {t}
"আমি ডায়ালাইসিস নিচ্ছি, দুই দিন ধরে বুকে ব্যথা করছে",RED,bn:{t}বুকে ব্যথা করছে
"আমার কিডনি রোগ আছে, গতকাল থেকে অজ্ঞান হয়ে গিয়েছিলাম",RED,bn:{t}অজ্ঞান হয়ে গিয়েছিলাম
"As a kidney patient, I've been urinating less than usual for the last two days",YELLOW,en:I've been urinating less than usual {t}
"আমার কিডনি রোগ আছে, কয়েকদিন ধরে কোমরে ব্যথা করছে",YELLOW,bn:{t}কোমরে ব্যথা করছে
My doctor said I have reduced kidney function and I have mild abdominal discomfort since last night,YELLOW,en:I have mild abdominal discomfort {t}
"আমি ডায়ালাইসিস নিচ্ছি, আজ সকাল থেকে বুকে চাপ লাগছে",RED,bn:{t}বুকে চাপ লাগছে
I had a kidney transplant last year and my heartbeat feels irregular and I'm very weak and dizzy since yesterday,RED,en:my heartbeat feels irregular and I'm very weak and dizzy {t}
"Hi, can my family member pick up my medication?",GREEN,en:can my family member pick up my medication?
Is it fine to have yogurt on my diet?,GREEN,en:is it fine to have yogurt on my diet?
I had a kidney transplant last year and my heartbeat feels irregular and I'm very weak and dizzy for a few days now,RED,en:my heartbeat feels irregular and I'm very weak and dizzy {t}
"Hello, is brown rice okay for my diet?",GREEN,en:is brown rice okay for my diet?
I have stage 3 kidney disease and I feel severely confused for the last two days,RED,en:I feel severely confused {t}
My back is hurting near my kidneys over the past week,YELLOW,en:my back is hurting near my kidneys {t}
I have stage 3 kidney disease and I've been short of breath since yesterday,RED,en:I've been short of breath {t}
"Hello, thank you for the help during my last visit",GREEN,en:thank you for the help during my last visit
"আমার কিডনির কার্যক্ষমতা কমে গেছে, দুই দিন ধরে বমি বমি ভাব লাগছে",YELLOW,bn:{t}বমি বমি ভাব লাগছে
"Please, can I take paracetamol for a mild headache?",GREEN,en:can I take paracetamol for a mild headache?
"আমার কিডনি রোগ আছে, পা ও গোড়ালি ফুলে আছে",YELLOW,bn:{t}পা ও গোড়ালি ফুলে আছে
"As a kidney patient, my eyes are puffy in the mornings since yesterday",YELLOW,en:my eyes are puffy in the mornings {t}
"আমি ডায়ালাইসিস নিচ্ছি, আজ সকাল থেকে খিঁচুনি হয়েছে",RED,bn:{t}খিঁচুনি হয়েছে
I have a headache since yesterday,YELLOW,en:I have a headache {t}
"As a kidney patient, I've been vomiting blood for the last two days",RED,en:I've been vomiting blood {t}
"কিডনি রোগী হিসেবে বলছি, দুই দিন ধরে দম বন্ধ হয়ে আসছে",RED,bn:{t}দম বন্ধ হয়ে আসছে
I had a kidney transplant last year and I've been peeing blood for the last two days,RED,en:I've been peeing blood {t}
"As a kidney patient, I feel nauseous and have lost my appetite for the last two days",YELLOW,en:I feel nauseous and have lost my appetite {t}
"Hi, what should my daily water intake be?",GREEN,en:what should my daily water intake be?
I'm on dialysis and my urine output seems lower than normal since this afternoon,YELLOW,en:my urine output seems lower than normal {t}
"Hello, what documents do I need for my next visit?",GREEN,en:what documents do I need for my next visit?
I need to reschedule my appointment next week,GREEN,en:I need to reschedule my appointment next week
"As a kidney patient, I feel severely confused since last night",RED,en:I feel severely confused {t}
"Since my kidney stone, my hands and feet feel swollen this morning",YELLOW,en:my hands and feet feel swollen {t}
"আমার কিডনি রোগ আছে, গতকাল থেকে প্রস্রাব একদম বন্ধ হয়ে গেছে",RED,bn:{t}প্রস্রাব একদম বন্ধ হয়ে গেছে
"Hello, should I bring my previous reports to the appointment?",GREEN,en:should I bring my previous reports to the appointment?
I have a mild fever since yesterday,YELLOW,en:I have a mild fever {t}
My urine has turned dark like cola and I feel terrible for a few days now,RED,en:my urine has turned dark like cola and I feel terrible {t}
I have a mild fever since this afternoon,YELLOW,en:I have a mild fever {t}
My doctor said I have reduced kidney function and I've had trouble concentrating and feel foggy since last night,YELLOW,en:I've had trouble concentrating and feel foggy {t}
Quick question - should I take my phosphate binder before or after meals?,GREEN,en:should I take my phosphate binder before or after meals?
My doctor said I have reduced kidney function and I fainted this morning,RED,en:I fainted {t}
I had a kidney transplant last year and my legs are hugely swollen and now it's hard to lie flat for a few days now,RED,en:my legs are hugely swollen and now it's hard to lie flat {t}
Can my family member pick up my medication?,GREEN,en:can my family member pick up my medication?
"Hi, can I get my flu vaccination at the clinic?",GREEN,en:can I get my flu vaccination at the clinic?
I had a kidney transplant last year and I feel nauseous and have lost my appetite since yesterday,YELLOW,en:I feel nauseous and have lost my appetite {t}
My doctor said I have reduced kidney function and I've been really itchy all over over the past week,YELLOW,en:I've been really itchy all over {t}
I have stage 3 kidney disease and my blood pressure has been higher than usual this morning,YELLOW,en:my blood pressure has been higher than usual {t}
Quick question - how do I sign up for the patient portal?,GREEN,en:how do I sign up for the patient portal?
"Since my kidney stone, I have no urine output for a few days now",RED,en:I have no urine output {t}
"Good morning, can I eat bananas on my current diet?",GREEN,en:can I eat bananas on my current diet?
"As a kidney patient, I've been really itchy all over since yesterday",YELLOW,en:I've been really itchy all over {t}
"As a kidney patient, I have flank pain for the last two days",YELLOW,en:I have flank pain {t}
"Good morning, is it normal to get an occasional mild headache?",GREEN,en:is it normal to get an occasional mild headache?
"Since my kidney stone, I have flank pain since yesterday",YELLOW,en:I have flank pain {t}
"Since my kidney stone, I have severe pain in my side with a high fever and shaking chills for the last two days",RED,en:I have severe pain in my side with a high fever and shaking chills {t}
পরের সপ্তাহে অ্যাপয়েন্টমেন্ট পরিবর্তন করতে চাই,GREEN,bn:পরের সপ্তাহে অ্যাপয়েন্টমেন্ট পরিবর্তন করতে চাই
"আসসালামু আলাইকুম, গত ভিজিটে সাহায্যের জন্য ধন্যবাদ",GREEN,bn:গত ভিজিটে সাহায্যের জন্য ধন্যবাদ
I have stage 3 kidney disease and I have severe abdominal pain that won't go away since last night,RED,en:I have severe abdominal pain that won't go away {t}
"Quick question - I get a mild headache sometimes, is that anything to worry about?",GREEN,"en:I get a mild headache sometimes, is that anything to worry about?"
"আসসালামু আলাইকুম, ডায়ালাইসিসের সময় কখন?",GREEN,bn:ডায়ালাইসিসের সময় কখন?
কয়েকদিন ধরে শ্বাস নিতে খুব কষ্ট হচ্ছে,RED,bn:{t}শ্বাস নিতে খুব কষ্ট হচ্ছে
"As a kidney patient, I'm extremely drowsy and can barely stay awake since yesterday",RED,en:I'm extremely drowsy and can barely stay awake {t}
I've had a dull headache and feel a bit off since this afternoon,YELLOW,en:I've had a dull headache and feel a bit off {t}
I have CKD and I've had muscle cramps since this afternoon,YELLOW,en:I've had muscle cramps {t}
I had a kidney transplant last year and I have a headache this morning,YELLOW,en:I have a headache {t}
"As a kidney patient, I have a sudden severe headache, the worst one of my life over the past week",RED,"en:I have a sudden severe headache, the worst one of my life {t}"
My doctor said I have reduced kidney function and I've been urinating less than usual this morning,YELLOW,en:I've been urinating less than usual {t}
I have CKD and I'm going to the bathroom less often for a few days now,YELLOW,en:I'm going to the bathroom less often {t}
My face looks puffy since last night,YELLOW,en:my face looks puffy {t}
I had a kidney transplant last year and blood is coming through my urine since yesterday,RED,en:blood is coming through my urine {t}
I have stage 3 kidney disease and I'm extremely drowsy and can barely stay awake since this afternoon,RED,en:I'm extremely drowsy and can barely stay awake {t}
"Since my kidney stone, my urine output seems lower than normal this morning",YELLOW,en:my urine output seems lower than normal {t}
Is brown rice okay for my diet?,GREEN,en:is brown rice okay for my diet?
My face looks puffy for a few days now,YELLOW,en:my face looks puffy {t}
"Please, how many cups of fluid can I have daily?",GREEN,en:how many cups of fluid can I have daily?
"Since my kidney stone, I've had trouble concentrating and feel foggy for the last two days",YELLOW,en:I've had trouble concentrating and feel foggy {t}
I have CKD and I have a headache this morning,YELLOW,en:I have a headache {t}
"As a kidney patient, I have a sudden severe headache, the worst one of my life since yesterday",RED,"en:I have a sudden severe headache, the worst one of my life {t}"
I haven't passed any urine since this afternoon,RED,en:I haven't passed any urine {t}
"Hello, what time is my dialysis session tomorrow?",GREEN,en:what time is my dialysis session tomorrow?
"আমার কিডনির কার্যক্ষমতা কমে গেছে, দুই দিন ধরে শ্বাস নিতে খুব কষ্ট হচ্ছে",RED,bn:{t}শ্বাস নিতে খুব কষ্ট হচ্ছে
"Since my kidney stone, I fainted this morning",RED,en:I fainted {t}
"Please, is it normal to get an occasional mild headache?",GREEN,en:is it normal to get an occasional mild headache?
What should my daily water intake be?,GREEN,en:what should my daily water intake be?
My doctor said I have reduced kidney function and I have no urine output over the past week,RED,en:I have no urine output {t}
টমেটো খাওয়া যাবে কি?,GREEN,bn:টমেটো খাওয়া যাবে কি?
"Good morning, is there wheelchair access at the entrance?",GREEN,en:is there wheelchair access at the entrance?
I had a kidney transplant last year and there's a metallic taste in my mouth this morning,YELLOW,en:there's a metallic taste in my mouth {t}
My doctor said I have reduced kidney function and I think I had a seizure this morning,RED,en:I think I had a seizure {t}
"As a kidney patient, I have pain near my kidneys since this afternoon",YELLOW,en:I have pain near my kidneys {t}
My doctor said I have reduced kidney function and my stomach has been hurting a little since this afternoon,YELLOW,en:my stomach has been hurting a little {t}
"কিডনি রোগী হিসেবে বলছি, কাল রাত থেকে প্রস্রাব হচ্ছে না",RED,bn:{t}প্রস্রাব হচ্ছে না
Quick question - can my family member pick up my medication?,GREEN,en:can my family member pick up my medication?
I've had a dull headache and feel a bit off this morning,YELLOW,en:I've had a dull headache and feel a bit off {t}
Which foods are high in potassium that I should avoid?,GREEN,en:which foods are high in potassium that I should avoid?
"আমার কিডনির কার্যক্ষমতা কমে গেছে, মুখে ধাতব স্বাদ লাগছে",YELLOW,bn:{t}মুখে ধাতব স্বাদ লাগছে
"I have stage 3 kidney disease and I have a sudden severe headache, the worst one of my life since last night",RED,"en:I have a sudden severe headache, the worst one of my life {t}"
I had a kidney transplant last year and my face looks puffy for a few days now,YELLOW,en:my face looks puffy {t}
I have CKD and I've gained a few kilos this morning and feel bloated,YELLOW,en:I've gained a few kilos {t} and feel bloated
"Hi, I need to reschedule my appointment next week",GREEN,en:I need to reschedule my appointment next week
I fainted since this afternoon,RED,en:I fainted {t}
I'm on dialysis and I have mild abdominal discomfort since this afternoon,YELLOW,en:I have mild abdominal discomfort {t}
"আসসালামু আলাইকুম, ক্লিনিক কি শুক্রবার খোলা থাকে?",GREEN,bn:ক্লিনিক কি শুক্রবার খোলা থাকে?
"দয়া করে জানাবেন, ওষুধ খাওয়ার নিয়ম কী?",GREEN,bn:ওষুধ খাওয়ার নিয়ম কী?
"Please, is the pharmacy open after 6 pm?",GREEN,en:is the pharmacy open after 6 pm?
Should I bring my previous reports to the appointment?,GREEN,en:should I bring my previous reports to the appointment?
My urine has an unusual smell this morning,YELLOW,en:my urine has an unusual smell {t}
I had a kidney transplant last year and my side hurts near where my kidney is this morning,YELLOW,en:my side hurts near where my kidney is {t}
I've been really itchy all over this morning,YELLOW,en:I've been really itchy all over {t}
I have CKD and I'm having chest pain since this afternoon,RED,en:I'm having chest pain {t}
"কিডনি রোগী হিসেবে বলছি, আজ সকাল থেকে প্রস্রাবে রক্ত যাচ্ছে",RED,bn:{t}প্রস্রাবে রক্ত যাচ্ছে
"Since my kidney stone, my abdominal pain is severe and I also have a high fever since last night",RED,en:my abdominal pain is severe and I also have a high fever {t}
"Hello, can I get my flu vaccination at the clinic?",GREEN,en:can I get my flu vaccination at the clinic?
I have CKD and I have a mild fever this morning,YELLOW,en:I have a mild fever {t}
"Please, can you send me a copy of my prescription?",GREEN,en:can you send me a copy of my prescription?
"Hi, which foods are high in potassium that I should avoid?",GREEN,en:which foods are high in potassium that I should avoid?
I have stage 3 kidney disease and I have some abdominal pain over the past week,YELLOW,en:I have some abdominal pain {t}
I had a kidney transplant last year and I've been sleeping badly and feel restless since yesterday,YELLOW,en:I've been sleeping badly and feel restless {t}
My urine looks foamy since this afternoon,YELLOW,en:my urine looks foamy {t}
একটা প্রশ্ন ছিল - ওষুধ কি খাবারের আগে না পরে খাব?,GREEN,bn:ওষুধ কি খাবারের আগে না পরে খাব?
Quick question - can I switch to an evening dialysis slot?,GREEN,en:can I switch to an evening dialysis slot?
I have CKD and blood is coming through my urine since yesterday,RED,en:blood is coming through my urine {t}
I've been throwing up nonstop and can't keep any water down over the past week,RED,en:I've been throwing up nonstop and can't keep any water down {t}
I have CKD and there's blood when I pee this morning,RED,en:there's blood when I pee {t}
"কিডনি রোগী হিসেবে বলছি, দুই দিন ধরে প্রস্রাবের সাথে রক্ত যাচ্ছে",RED,bn:{t}প্রস্রাবের সাথে রক্ত যাচ্ছে
I have severe abdominal pain that won't go away since this afternoon,RED,en:I have severe abdominal pain that won't go away {t}
গতকাল থেকে বমি বমি ভাব লাগছে,YELLOW,bn:{t}বমি বমি ভাব লাগছে
"Good morning, is the pharmacy open after 6 pm?",GREEN,en:is the pharmacy open after 6 pm?
"Since my kidney stone, my urine smells different than usual over the past week",YELLOW,en:my urine smells different than usual {t}
"As a kidney patient, I have a mild headache this morning",YELLOW,en:I have a mild headache {t}
"Hello, can I travel by plane next month?",GREEN,en:can I travel by plane next month?
"আমি ডায়ালাইসিস নিচ্ছি, আজ সকাল থেকে অজ্ঞান হয়ে গিয়েছিলাম",RED,bn:{t}অজ্ঞান হয়ে গিয়েছিলাম
"Since my kidney stone, my ankles leave a dent when I press them for a few days now",YELLOW,en:my ankles leave a dent when I press them {t}
I have CKD and I've been urinating less than usual since last night,YELLOW,en:I've been urinating less than usual {t}
"Since my kidney stone, I've been throwing up nonstop and can't keep any water down since this afternoon",RED,en:I've been throwing up nonstop and can't keep any water down {t}
I have stage 3 kidney disease and blood is coming through my urine since this afternoon,RED,en:blood is coming through my urine {t}
My doctor said I have reduced kidney function and I have crushing pain spreading to my arm and jaw,RED,en:I have crushing pain spreading to my arm and jaw
"Please, can I get a medical certificate for work?",GREEN,en:can I get a medical certificate for work?
My doctor said I have reduced kidney function and I have mild abdominal discomfort this morning,YELLOW,en:I have mild abdominal discomfort {t}
"Hello, can I take paracetamol for a mild headache?",GREEN,en:can I take paracetamol for a mild headache?
I have stage 3 kidney disease and my urine looks foamy since this afternoon,YELLOW,en:my urine looks foamy {t}
I had a kidney transplant last year and my urine has turned dark like cola and I feel terrible for a few days now,RED,en:my urine has turned dark like cola and I feel terrible {t}
"Please, can I reschedule my lab test to the morning?",GREEN,en:can I reschedule my lab test to the morning?
I'm on dialysis and this is the worst headache I've ever had over the past week,RED,en:this is the worst headache I've ever had {t}
"Hi, can I reschedule my lab test to the morning?",GREEN,en:can I reschedule my lab test to the morning?
I had a kidney transplant last year and I'm peeing much less than before over the past week,YELLOW,en:I'm peeing much less than before {t}
"আমি ডায়ালাইসিস নিচ্ছি, কাল রাত থেকে সারা শরীর চুলকাচ্ছে",YELLOW,bn:{t}সারা শরীর চুলকাচ্ছে
"Good morning, how much salt is safe for me per day?",GREEN,en:how much salt is safe for me per day?
"কিডনি রোগী হিসেবে বলছি, প্রস্রাবে রক্ত যাচ্ছে",RED,bn:{t}প্রস্রাবে রক্ত যাচ্ছে
My doctor said I have reduced kidney function and I've been really itchy all over for the last two days,YELLOW,en:I've been really itchy all over {t}
I'm on dialysis and I can't breathe properly for a few days now,RED,en:I can't breathe properly {t}
"Hi, should I take my phosphate binder before or after meals?",GREEN,en:should I take my phosphate binder before or after meals?
"আমি ডায়ালাইসিস নিচ্ছি, কয়েকদিন ধরে প্রস্রাবে ফেনা হচ্ছে",YELLOW,bn:{t}প্রস্রাবে ফেনা হচ্ছে
Quick question - is there wheelchair access at the entrance?,GREEN,en:is there wheelchair access at the entrance?
I have some discomfort around my kidneys since last night,YELLOW,en:I have some discomfort around my kidneys {t}
I'm on dialysis and I'm having chest pain for a few days now,RED,en:I'm having chest pain {t}
Is a bit of an upset stomach after meals normal for my condition?,GREEN,en:is a bit of an upset stomach after meals normal for my condition?
"Hello, can you send me a copy of my prescription?",GREEN,en:can you send me a copy of my prescription?
I'm on dialysis and my face looks puffy this morning,YELLOW,en:my face looks puffy {t}
"Since my kidney stone, my legs are hugely swollen and now it's hard to lie flat for a few days now",RED,en:my legs are hugely swollen and now it's hard to lie flat {t}
গতকাল থেকে বুকে ব্যথা করছে,RED,bn:{t}বুকে ব্যথা করছে
I'm on dialysis and my heartbeat feels irregular and I'm very weak and dizzy for a few days now,RED,en:my heartbeat feels irregular and I'm very weak and dizzy {t}
My doctor said I have reduced kidney function and my legs are hugely swollen and now it's hard to lie flat for a few days now,RED,en:my legs are hugely swollen and now it's hard to lie flat {t}
"কিডনি রোগী হিসেবে বলছি, দুই দিন ধরে প্রস্রাব হচ্ছে না",RED,bn:{t}প্রস্রাব হচ্ছে না
"আমার কিডনি রোগ আছে, কাল রাত থেকে প্রস্রাব হচ্ছে না",RED,bn:{t}প্রস্রাব হচ্ছে না
I'm on dialysis and my urine has an unusual smell since this afternoon,YELLOW,en:my urine has an unusual smell {t}
Does the clinic open on weekends?,GREEN,en:does the clinic open on weekends?
"Hi, when is my next follow-up scheduled?",GREEN,en:when is my next follow-up scheduled?
"আমি ডায়ালাইসিস নিচ্ছি, দুই দিন ধরে প্রস্রাব করতে পারছি না",RED,bn:{t}প্রস্রাব করতে পারছি না
"Hello, can I drink coffee on my dialysis days?",GREEN,en:can I drink coffee on my dialysis days?
একটা প্রশ্ন ছিল - বিল কি অনলাইনে দেওয়া যাবে?,GREEN,bn:বিল কি অনলাইনে দেওয়া যাবে?
"Hello, is there parking available at the clinic?",GREEN,en:is there parking available at the clinic?
Can I eat bananas on my current diet?,GREEN,en:can I eat bananas on my current diet?
"Since my kidney stone, I have heavy bleeding that won't stop since this afternoon",RED,en:I have heavy bleeding that won't stop {t}
"কিডনি রোগী হিসেবে বলছি, কাল রাত থেকে খুব দুর্বল লাগছে",YELLOW,bn:{t}খুব দুর্বল লাগছে
I have stage 3 kidney disease and my urination has decreased since this afternoon,YELLOW,en:my urination has decreased {t}
"Please, should I bring my previous reports to the appointment?",GREEN,en:should I bring my previous reports to the appointment?
I have stage 3 kidney disease and my legs and ankles have been swelling since yesterday,YELLOW,en:my legs and ankles have been swelling {t}
"আমার কিডনির কার্যক্ষমতা কমে গেছে, কয়েকদিন ধরে প্রস্রাব একদম বন্ধ হয়ে গেছে",RED,bn:{t}প্রস্রাব একদম বন্ধ হয়ে গেছে
"Hi, how do I update my address in your records?",GREEN,en:how do I update my address in your records?
"Good morning, when is my next follow-up scheduled?",GREEN,en:when is my next follow-up scheduled?
"কিডনি রোগী হিসেবে বলছি, কাল রাত থেকে শ্বাসকষ্ট হচ্ছে",RED,bn:{t}শ্বাসকষ্ট হচ্ছে
I have stage 3 kidney disease and I've had a headache on and off for the last two days,YELLOW,en:I've had a headache on and off {t}
"Since my kidney stone, not peeing much lately, is that normal?",YELLOW,"en:not peeing much lately, is that normal?"
একটা প্রশ্ন ছিল - রক্ত পরীক্ষার আগে কি খালি পেটে থাকতে হবে?,GREEN,bn:রক্ত পরীক্ষার আগে কি খালি পেটে থাকতে হবে?
Quick question - thank you for the help during my last visit,GREEN,en:thank you for the help during my last visit
I'm on dialysis and I've been vomiting blood for a few days now,RED,en:I've been vomiting blood {t}
My doctor said I have reduced kidney function and I'm going to the bathroom less often since this afternoon,YELLOW,en:I'm going to the bathroom less often {t}
"I have CKD and I have a sudden severe headache, the worst one of my life since last night",RED,"en:I have a sudden severe headache, the worst one of my life {t}"
"Hello, does the clinic open on weekends?",GREEN,en:does the clinic open on weekends?
"Please, is there wheelchair access at the entrance?",GREEN,en:is there wheelchair access at the entrance?
"Since my kidney stone, I haven't been going to the bathroom as much since last night",YELLOW,en:I haven't been going to the bathroom as much {t}
How do I update my address in your records?,GREEN,en:how do I update my address in your records?
"কিডনি রোগী হিসেবে বলছি, কাল রাত থেকে প্রস্রাব করতে পারছি না",RED,bn:{t}প্রস্রাব করতে পারছি না
Quick question - can I drink coffee on my dialysis days?,GREEN,en:can I drink coffee on my dialysis days?
I had a kidney transplant last year and my urine has turned dark like cola and I feel terrible since last night,RED,en:my urine has turned dark like cola and I feel terrible {t}
My doctor said I have reduced kidney function and I'm having chest pain for a few days now,RED,en:I'm having chest pain {t}
What documents do I need for my next visit?,GREEN,en:what documents do I need for my next visit?
"আমার কিডনির কার্যক্ষমতা কমে গেছে, খুব দুর্বল লাগছে",YELLOW,bn:{t}খুব দুর্বল লাগছে
"Hello, can my family member pick up my medication?",GREEN,en:can my family member pick up my medication?
My doctor said I have reduced kidney function and I have severe pain in my side with a high fever and shaking chills since last night,RED,en:I have severe pain in my side with a high fever and shaking chills {t}
My doctor said I have reduced kidney function and my eyes are puffy in the mornings since this afternoon,YELLOW,en:my eyes are puffy in the mornings {t}
দিনে কতটুকু লবণ খাওয়া নিরাপদ?,GREEN,bn:দিনে কতটুকু লবণ খাওয়া নিরাপদ?
"আমার কিডনির কার্যক্ষমতা কমে গেছে, গতকাল থেকে শ্বাস নিতে খুব কষ্ট হচ্ছে",RED,bn:{t}শ্বাস নিতে খুব কষ্ট হচ্ছে
"Hi, do I need to fast before my blood test?",GREEN,en:do I need to fast before my blood test?
I'm on dialysis and I feel dizzy when I stand up since yesterday,YELLOW,en:I feel dizzy when I stand up {t}
"আমার কিডনির কার্যক্ষমতা কমে গেছে, প্রস্রাব কম হচ্ছে",YELLOW,bn:{t}প্রস্রাব কম হচ্ছে
My doctor said I have reduced kidney function and my back is hurting near my kidneys for a few days now,YELLOW,en:my back is hurting near my kidneys {t}
I had a kidney transplant last year and my legs are hugely swollen and now it's hard to lie flat over the past week,RED,en:my legs are hugely swollen and now it's hard to lie flat {t}
I have no urine output over the past week,RED,en:I have no urine output {t}
I have stage 3 kidney disease and I haven't been going to the bathroom as much for the last two days,YELLOW,en:I haven't been going to the bathroom as much {t}
"As a kidney patient, my abdominal pain is severe and I also have a high fever over the past week",RED,en:my abdominal pain is severe and I also have a high fever {t}
"আমি ডায়ালাইসিস নিচ্ছি, কয়েকদিন ধরে প্রস্রাবে রক্ত যাচ্ছে",RED,bn:{t}প্রস্রাবে রক্ত যাচ্ছে
"Hello, are my last lab results available yet?",GREEN,en:are my last lab results available yet?
I'm on dialysis and my eyes are puffy in the mornings since this afternoon,YELLOW,en:my eyes are puffy in the mornings {t}
"Good morning, can I eat tomatoes with my condition?",GREEN,en:can I eat tomatoes with my condition?
"Please, which foods are high in potassium that I should avoid?",GREEN,en:which foods are high in potassium that I should avoid?
"আমি ডায়ালাইসিস নিচ্ছি, প্রস্রাবে রক্ত যাচ্ছে",RED,bn:{t}প্রস্রাবে রক্ত যাচ্ছে
"Hi, can I pay my bill online?",GREEN,en:can I pay my bill online?
"Good morning, can I take paracetamol for a mild headache?",GREEN,en:can I take paracetamol for a mild headache?
My doctor said I have reduced kidney function and I haven't been going to the bathroom as much since last night,YELLOW,en:I haven't been going to the bathroom as much {t}
I had a kidney transplant last year and I noticed blood in my urine for a few days now,RED,en:I noticed blood in my urine {t}
My urination has decreased for a few days now,YELLOW,en:my urination has decreased {t}
হঠাৎ তীব্র মাথাব্যথা শুরু হয়েছে,RED,bn:{t}হঠাৎ তীব্র মাথাব্যথা শুরু হয়েছে
I'm having chest pain for a few days now,RED,en:I'm having chest pain {t}
I haven't passed any urine since yesterday,RED,en:I haven't passed any urine {t}
I have stage 3 kidney disease and my legs are hugely swollen and now it's hard to lie flat since yesterday,RED,en:my legs are hugely swollen and now it's hard to lie flat {t}
I'm on dialysis and blood is coming through my urine for a few days now,RED,en:blood is coming through my urine {t}
I have CKD and blood is coming through my urine for the last two days,RED,en:blood is coming through my urine {t}
I've had a headache on and off since this afternoon,YELLOW,en:I've had a headache on and off {t}
I have CKD and I haven't been going to the bathroom as much for the last two days,YELLOW,en:I haven't been going to the bathroom as much {t}
"আমার কিডনির কার্যক্ষমতা কমে গেছে, আজ সকাল থেকে রক্ত বমি হচ্ছে",RED,bn:{t}রক্ত বমি হচ্ছে
I'm on dialysis and I have severe pain in my side with a high fever and shaking chills for a few days now,RED,en:I have severe pain in my side with a high fever and shaking chills {t}
কাল রাত থেকে বুকে ব্যথা করছে,RED,bn:{t}বুকে ব্যথা করছে
I have a mild fever since last night,YELLOW,en:I have a mild fever {t}
I have CKD and I've been feeling very tired and weak this morning,YELLOW,en:I've been feeling very tired and weak {t}
I have CKD and I have flank pain since yesterday,YELLOW,en:I have flank pain {t}
"Good morning, what time is my dialysis session tomorrow?",GREEN,en:what time is my dialysis session tomorrow?
"আসসালামু আলাইকুম, ওষুধ খাওয়ার নিয়ম কী?",GREEN,bn:ওষুধ খাওয়ার নিয়ম কী?
"Since my kidney stone, I've had a dull headache and feel a bit off for the last two days",YELLOW,en:I've had a dull headache and feel a bit off {t}
"Hello, is there wheelchair access at the entrance?",GREEN,en:is there wheelchair access at the entrance?
My doctor said I have reduced kidney function and I have a mild fever over the past week,YELLOW,en:I have a mild fever {t}
I'm extremely drowsy and can barely stay awake for the last two days,RED,en:I'm extremely drowsy and can barely stay awake {t}
I had a kidney transplant last year and I have no urine output this morning,RED,en:I have no urine output {t}
"As a kidney patient, I've gained a few kilos since this afternoon and feel bloated",YELLOW,en:I've gained a few kilos {t} and feel bloated
I have stage 3 kidney disease and I have heavy bleeding that won't stop for the last two days,RED,en:I have heavy bleeding that won't stop {t}
I'm on dialysis and my blood pressure has been higher than usual since yesterday,YELLOW,en:my blood pressure has been higher than usual {t}
I'm on dialysis and my legs and ankles have been swelling over the past week,YELLOW,en:my legs and ankles have been swelling {t}
"আমি ডায়ালাইসিস নিচ্ছি, গতকাল থেকে প্রস্রাবে রক্ত যাচ্ছে",RED,bn:{t}প্রস্রাবে রক্ত যাচ্ছে
I have stage 3 kidney disease and I'm peeing much less than before for the last two days,YELLOW,en:I'm peeing much less than before {t}
দুই দিন ধরে খেতে ইচ্ছে করছে না,YELLOW,bn:{t}খেতে ইচ্ছে করছে না
"Hi, I'd like to request a refill of my blood pressure medication",GREEN,en:I'd like to request a refill of my blood pressure medication
"Hi, what time is my dialysis session tomorrow?",GREEN,en:what time is my dialysis session tomorrow?
"আমার কিডনির কার্যক্ষমতা কমে গেছে, দুই দিন ধরে খিঁচুনি হয়েছে",RED,bn:{t}খিঁচুনি হয়েছে
"আমার কিডনির কার্যক্ষমতা কমে গেছে, আগের চেয়ে কম প্রস্রাব হচ্ছে",YELLOW,bn:{t}আগের চেয়ে কম প্রস্রাব হচ্ছে
একটা প্রশ্ন ছিল - ডায়ালাইসিসের সময় কখন?,GREEN,bn:ডায়ালাইসিসের সময় কখন?
I have stage 3 kidney disease and I feel nauseous and have lost my appetite since this afternoon,YELLOW,en:I feel nauseous and have lost my appetite {t}
My doctor said I have reduced kidney function and this is the worst headache I've ever had for a few days now,RED,en:this is the worst headache I've ever had {t}
I had a kidney transplant last year and I have some abdominal pain since yesterday,YELLOW,en:I have some abdominal pain {t}
My doctor said I have reduced kidney function and I have heavy bleeding that won't stop this morning,RED,en:I have heavy bleeding that won't stop {t}
"আমার কিডনি রোগ আছে, কিডনির জায়গায় হালকা ব্যথা",YELLOW,bn:{t}কিডনির জায়গায় হালকা ব্যথা
"Hello, can I book an appointment for next Monday?",GREEN,en:can I book an appointment for next Monday?
My doctor said I have reduced kidney function and I've noticed a strange odor in my urine since last night,YELLOW,en:I've noticed a strange odor in my urine {t}
একটা প্রশ্ন ছিল - পরের সপ্তাহে অ্যাপয়েন্টমেন্ট পরিবর্তন করতে চাই,GREEN,bn:পরের সপ্তাহে অ্যাপয়েন্টমেন্ট পরিবর্তন করতে চাই
I had a kidney transplant last year and there's blood when I pee since last night,RED,en:there's blood when I pee {t}
Quick question - how many cups of fluid can I have daily?,GREEN,en:how many cups of fluid can I have daily?
I had a kidney transplant last year and my eyes are puffy in the mornings for the last two days,YELLOW,en:my eyes are puffy in the mornings {t}
"আমার কিডনির কার্যক্ষমতা কমে গেছে, কাল রাত থেকে কোমরে ব্যথা করছে",YELLOW,bn:{t}কোমরে ব্যথা করছে
"As a kidney patient, I have mild abdominal discomfort over the past week",YELLOW,en:I have mild abdominal discomfort {t}
"Hello, is it okay to have oranges with my potassium levels?",GREEN,en:is it okay to have oranges with my potassium levels?
"আমার কিডনি রোগ আছে, আজ সকাল থেকে খিঁচুনি হয়েছে",RED,bn:{t}খিঁচুনি হয়েছে
"আমার কিডনি রোগ আছে, দুই দিন ধরে প্রস্রাব কম হচ্ছে",YELLOW,bn:{t}প্রস্রাব কম হচ্ছে
"Since my kidney stone, I've been throwing up nonstop and can't keep any water down since last night",RED,en:I've been throwing up nonstop and can't keep any water down {t}
I have CKD and I have no urine output over the past week,RED,en:I have no urine output {t}
"Since my kidney stone, my blood pressure has been higher than usual for the last two days",YELLOW,en:my blood pressure has been higher than usual {t}
My doctor said I have reduced kidney function and I've had a dull headache and feel a bit off for a few days now,YELLOW,en:I've had a dull headache and feel a bit off {t}
"Since my kidney stone, I have pain near my kidneys this morning",YELLOW,en:I have pain near my kidneys {t}
I had a kidney transplant last year and I'm peeing much less than before for the last two days,YELLOW,en:I'm peeing much less than before {t}
"Hello, I have a mild stomach ache after eating spicy food, is that normal?",GREEN,"en:I have a mild stomach ache after eating spicy food, is that normal?"
"As a kidney patient, my ankles leave a dent when I press them this morning",YELLOW,en:my ankles leave a dent when I press them {t}
"As a kidney patient, I've been short of breath since yesterday",RED,en:I've been short of breath {t}
"Since my kidney stone, I've had trouble concentrating and feel foggy since this afternoon",YELLOW,en:I've had trouble concentrating and feel foggy {t}
কয়েকদিন ধরে অজ্ঞান হয়ে গিয়েছিলাম,RED,bn:{t}অজ্ঞান হয়ে গিয়েছিলাম
একটা প্রশ্ন ছিল - কলা খেতে পারব কি?,GREEN,bn:কলা খেতে পারব কি?
"দয়া করে জানাবেন, পরের সপ্তাহে অ্যাপয়েন্টমেন্ট পরিবর্তন করতে চাই",GREEN,bn:পরের সপ্তাহে অ্যাপয়েন্টমেন্ট পরিবর্তন করতে চাই
Quick question - is it okay to have oranges with my potassium levels?,GREEN,en:is it okay to have oranges with my potassium levels?
গতকাল থেকে খুব ক্লান্ত লাগছে,YELLOW,bn:{t}খুব ক্লান্ত লাগছে
I have stage 3 kidney disease and my urine has an unusual smell this morning,YELLOW,en:my urine has an unusual smell {t}
"As a kidney patient, I've had muscle cramps since this afternoon",YELLOW,en:I've had muscle cramps {t}
Quick question - can I get my flu vaccination at the clinic?,GREEN,en:can I get my flu vaccination at the clinic?
How long does a routine checkup usually take?,GREEN,en:how long does a routine checkup usually take?
I have CKD and my heartbeat feels irregular and I'm very weak and dizzy since yesterday,RED,en:my heartbeat feels irregular and I'm very weak and dizzy {t}
I had a kidney transplant last year and I feel dizzy when I stand up since this afternoon,YELLOW,en:I feel dizzy when I stand up {t}
"Since my kidney stone, there's a metallic taste in my mouth for a few days now",YELLOW,en:there's a metallic taste in my mouth {t}
"Please, thank you for the help during my last visit",GREEN,en:thank you for the help during my last visit
I had a kidney transplant last year and my heartbeat feels irregular and I'm very weak and dizzy since last night,RED,en:my heartbeat feels irregular and I'm very weak and dizzy {t}
"Hi, is there parking available at the clinic?",GREEN,en:is there parking available at the clinic?
"My doctor said I have reduced kidney function and I have a sudden severe headache, the worst one of my life for the last two days",RED,"en:I have a sudden severe headache, the worst one of my life {t}"
I have CKD and my blood pressure has been higher than usual this morning,YELLOW,en:my blood pressure has been higher than usual {t}
I'm on dialysis and I've been short of breath since last night,RED,en:I've been short of breath {t}
Thank you for the help during my last visit,GREEN,en:thank you for the help during my last visit
"I have a mild stomach ache after eating spicy food, is that normal?",GREEN,"en:I have a mild stomach ache after eating spicy food, is that normal?"
I have CKD and my side hurts near where my kidney is for a few days now,YELLOW,en:my side hurts near where my kidney is {t}
My doctor said I have reduced kidney function and I'm peeing much less than before this morning,YELLOW,en:I'm peeing much less than before {t}
I'm on dialysis and I've had muscle cramps since last night,YELLOW,en:I've had muscle cramps {t}
My doctor said I have reduced kidney function and I fainted over the past week,RED,en:I fainted {t}
"কিডনি রোগী হিসেবে বলছি, প্রস্রাব কম হচ্ছে",YELLOW,bn:{t}প্রস্রাব কম হচ্ছে
I'm on dialysis and my legs are hugely swollen and now it's hard to lie flat this morning,RED,en:my legs are hugely swollen and now it's hard to lie flat {t}
"As a kidney patient, I have severe abdominal pain that won't go away since yesterday",RED,en:I have severe abdominal pain that won't go away {t}
"কিডনি রোগী হিসেবে বলছি, গতকাল থেকে অজ্ঞান হয়ে গিয়েছিলাম",RED,bn:{t}অজ্ঞান হয়ে গিয়েছিলাম
"আসসালামু আলাইকুম, কলা খেতে পারব কি?",GREEN,bn:কলা খেতে পারব কি?
My urine looks foamy for a few days now,YELLOW,en:my urine looks foamy {t}
My doctor said I have reduced kidney function and I have some abdominal cramping since last night,YELLOW,en:I have some abdominal cramping {t}
Can I get a medical certificate for work?,GREEN,en:can I get a medical certificate for work?
"দয়া করে জানাবেন, আমার রিপোর্ট কি চলে এসেছে?",GREEN,bn:আমার রিপোর্ট কি চলে এসেছে?
"Hi, can I eat tomatoes with my condition?",GREEN,en:can I eat tomatoes with my condition?
My doctor said I have reduced kidney function and I've had a headache on and off since this afternoon,YELLOW,en:I've had a headache on and off {t}
My doctor said I have reduced kidney function and my heartbeat feels irregular and I'm very weak and dizzy over the past week,RED,en:my heartbeat feels irregular and I'm very weak and dizzy {t}
I have stage 3 kidney disease and my urine has an unusual smell since last night,YELLOW,en:my urine has an unusual smell {t}
My doctor said I have reduced kidney function and I'm going to the bathroom less often since yesterday,YELLOW,en:I'm going to the bathroom less often {t}
"Good morning, can I reschedule my lab test to the morning?",GREEN,en:can I reschedule my lab test to the morning?
I have stage 3 kidney disease and my hands and feet feel swollen over the past week,YELLOW,en:my hands and feet feel swollen {t}
I have CKD and I feel dizzy when I stand up for a few days now,YELLOW,en:I feel dizzy when I stand up {t}
I have stage 3 kidney disease and I'm peeing much less than before over the past week,YELLOW,en:I'm peeing much less than before {t}
"As a kidney patient, I noticed blood in my urine since this afternoon",RED,en:I noticed blood in my urine {t}
I'm on dialysis and I've been throwing up nonstop and can't keep any water down over the past week,RED,en:I've been throwing up nonstop and can't keep any water down {t}
"দয়া করে জানাবেন, ব্যায়াম করা কি আমার জন্য নিরাপদ?",GREEN,bn:ব্যায়াম করা কি আমার জন্য নিরাপদ?
"Hello, I need to reschedule my appointment next week",GREEN,en:I need to reschedule my appointment next week
My urine has an unusual smell for the last two days,YELLOW,en:my urine has an unusual smell {t}
I'm extremely drowsy and can barely stay awake over the past week,RED,en:I'm extremely drowsy and can barely stay awake {t}
"আমার কিডনির কার্যক্ষমতা কমে গেছে, গতকাল থেকে হালকা মাথাব্যথা করছে",YELLOW,bn:{t}হালকা মাথাব্যথা করছে
I have stage 3 kidney disease and I have some abdominal cramping over the past week,YELLOW,en:I have some abdominal cramping {t}
"Good morning, I get a mild headache sometimes, is that anything to worry about?",GREEN,"en:I get a mild headache sometimes, is that anything to worry about?"
"Quick question - I have a mild stomach ache after eating spicy food, is that normal?",GREEN,"en:I have a mild stomach ache after eating spicy food, is that normal?"
My doctor said I have reduced kidney function and I've been sleeping badly and feel restless over the past week,YELLOW,en:I've been sleeping badly and feel restless {t}
কাল রাত থেকে শ্বাসকষ্ট হচ্ছে,RED,bn:{t}শ্বাসকষ্ট হচ্ছে
I'm on dialysis and my abdominal pain is severe and I also have a high fever since last night,RED,en:my abdominal pain is severe and I also have a high fever {t}
"কিডনি রোগী হিসেবে বলছি, গতকাল থেকে পা ও গোড়ালি ফুলে আছে",YELLOW,bn:{t}পা ও গোড়ালি ফুলে আছে
"My doctor said I have reduced kidney function and I have a sudden severe headache, the worst one of my life this morning",RED,"en:I have a sudden severe headache, the worst one of my life {t}"
I had a kidney transplant last year and my eyes are puffy in the mornings this morning,YELLOW,en:my eyes are puffy in the mornings {t}
There's blood when I pee for the last two days,RED,en:there's blood when I pee {t}
My doctor said I have reduced kidney function and my urine looks foamy for a few days now,YELLOW,en:my urine looks foamy {t}
"আমি ডায়ালাইসিস নিচ্ছি, আজ সকাল থেকে খুব দুর্বল লাগছে",YELLOW,bn:{t}খুব দুর্বল লাগছে
"Please, I'd like to request a refill of my blood pressure medication",GREEN,en:I'd like to request a refill of my blood pressure medication
"আমার কিডনির কার্যক্ষমতা কমে গেছে, আজ সকাল থেকে হালকা জ্বর এসেছে",YELLOW,bn:{t}হালকা জ্বর এসেছে
"My doctor said I have reduced kidney function and I have a sudden severe headache, the worst one of my life since this afternoon",RED,"en:I have a sudden severe headache, the worst one of my life {t}"
I have CKD and I have some abdominal pain since last night,YELLOW,en:I have some abdominal pain {t}
I had a kidney transplant last year and I'm extremely drowsy and can barely stay awake for the last two days,RED,en:I'm extremely drowsy and can barely stay awake {t}
My doctor said I have reduced kidney function and my ankles leave a dent when I press them since this afternoon,YELLOW,en:my ankles leave a dent when I press them {t}
I have stage 3 kidney disease and I passed out since this afternoon,RED,en:I passed out {t}
Quick question - can I book an appointment for next Monday?,GREEN,en:can I book an appointment for next Monday?
"কিডনি রোগী হিসেবে বলছি, গতকাল থেকে বুকে চাপ লাগছে",RED,bn:{t}বুকে চাপ লাগছে
"আমার কিডনির কার্যক্ষমতা কমে গেছে, কয়েকদিন ধরে খিঁচুনি হয়েছে",RED,bn:{t}খিঁচুনি হয়েছে
I have stage 3 kidney disease and I passed out since yesterday,RED,en:I passed out {t}
I have stage 3 kidney disease and I'm extremely drowsy and can barely stay awake over the past week,RED,en:I'm extremely drowsy and can barely stay awake {t}
"কিডনি রোগী হিসেবে বলছি, গতকাল থেকে প্রস্রাবে ফেনা হচ্ছে",YELLOW,bn:{t}প্রস্রাবে ফেনা হচ্ছে
"As a kidney patient, my urine smells different than usual since yesterday",YELLOW,en:my urine smells different than usual {t}
My doctor said I have reduced kidney function and I've been vomiting blood for a few days now,RED,en:I've been vomiting blood {t}
I've been short of breath since last night,RED,en:I've been short of breath {t}
I had a kidney transplant last year and I think I had a seizure over the past week,RED,en:I think I had a seizure {t}
"Please, can I eat tomatoes with my condition?",GREEN,en:can I eat tomatoes with my condition?
"দয়া করে জানাবেন, বিল কি অনলাইনে দেওয়া যাবে?",GREEN,bn:বিল কি অনলাইনে দেওয়া যাবে?
I have CKD and I have a mild headache since this afternoon,YELLOW,en:I have a mild headache {t}
I'm on dialysis and I've been urinating less than usual since last night,YELLOW,en:I've been urinating less than usual {t}
I have stage 3 kidney disease and I've been really itchy all over since this afternoon,YELLOW,en:I've been really itchy all over {t}
I'm on dialysis and I'm peeing much less than before this morning,YELLOW,en:I'm peeing much less than before {t}
I'm on dialysis and I feel severely confused since last night,RED,en:I feel severely confused {t}
"Hi, how do I sign up for the patient portal?",GREEN,en:how do I sign up for the patient portal?
শ্বাস নিতে খুব কষ্ট হচ্ছে,RED,bn:{t}শ্বাস নিতে খুব কষ্ট হচ্ছে
My doctor said I have reduced kidney function and I noticed blood in my urine since yesterday,RED,en:I noticed blood in my urine {t}
I had a kidney transplant last year and my urine has turned dark like cola and I feel terrible over the past week,RED,en:my urine has turned dark like cola and I feel terrible {t}
I had a kidney transplant last year and my abdominal pain is severe and I also have a high fever for a few days now,RED,en:my abdominal pain is severe and I also have a high fever {t}
I feel severely confused since yesterday,RED,en:I feel severely confused {t}
I have CKD and I have some discomfort around my kidneys since this afternoon,YELLOW,en:I have some discomfort around my kidneys {t}
I have CKD and my hands and feet feel swollen for a few days now,YELLOW,en:my hands and feet feel swollen {t}
My urine has turned dark like cola and I feel terrible over the past week,RED,en:my urine has turned dark like cola and I feel terrible {t}
I had a kidney transplant last year and I've had a headache on and off for a few days now,YELLOW,en:I've had a headache on and off {t}
Quick question - is a bit of an upset stomach after meals normal for my condition?,GREEN,en:is a bit of an upset stomach after meals normal for my condition?
I have CKD and blood is coming through my urine for a few days now,RED,en:blood is coming through my urine {t}
My doctor said I have reduced kidney function and I have mild abdominal discomfort for the last two days,YELLOW,en:I have mild abdominal discomfort {t}
Can I book an appointment for next Monday?,GREEN,en:can I book an appointment for next Monday?
কাল রাত থেকে দম বন্ধ হয়ে আসছে,RED,bn:{t}দম বন্ধ হয়ে আসছে
"Good morning, is a bit of an upset stomach after meals normal for my condition?",GREEN,en:is a bit of an upset stomach after meals normal for my condition?
"Since my kidney stone, I passed out since yesterday",RED,en:I passed out {t}
"Please, when is my next follow-up scheduled?",GREEN,en:when is my next follow-up scheduled?
I'm on dialysis and I have a mild fever over the past week,YELLOW,en:I have a mild fever {t}
"Hi, should I bring my previous reports to the appointment?",GREEN,en:should I bring my previous reports to the appointment?
My doctor said I have reduced kidney function and I'm not urinating as much as I used to since last night,YELLOW,en:I'm not urinating as much as I used to {t}
I have stage 3 kidney disease and I have severe pain in my side with a high fever and shaking chills for a few days now,RED,en:I have severe pain in my side with a high fever and shaking chills {t}
"Since my kidney stone, my back is hurting near my kidneys over the past week",YELLOW,en:my back is hurting near my kidneys {t}
I had a kidney transplant last year and I've had a headache on and off this morning,YELLOW,en:I've had a headache on and off {t}
"As a kidney patient, I can't breathe properly since yesterday",RED,en:I can't breathe properly {t}
"Good morning, do I need to fast before my blood test?",GREEN,en:do I need to fast before my blood test?
My urine looks foamy over the past week,YELLOW,en:my urine looks foamy {t}
I have stage 3 kidney disease and I've been peeing blood since this afternoon,RED,en:I've been peeing blood {t}
"আমি ডায়ালাইসিস নিচ্ছি, দুই দিন ধরে হঠাৎ তীব্র মাথাব্যথা শুরু হয়েছে",RED,bn:{t}হঠাৎ তীব্র মাথাব্যথা শুরু হয়েছে
"Since my kidney stone, my heartbeat feels irregular and I'm very weak and dizzy over the past week",RED,en:my heartbeat feels irregular and I'm very weak and dizzy {t}
My doctor said I have reduced kidney function and blood is coming through my urine since last night,RED,en:blood is coming through my urine {t}
"Hello, I get a mild headache sometimes, is that anything to worry about?",GREEN,"en:I get a mild headache sometimes, is that anything to worry about?"
I had a kidney transplant last year and I can't breathe properly since this afternoon,RED,en:I can't breathe properly {t}
I'm on dialysis and I have some abdominal cramping for a few days now,YELLOW,en:I have some abdominal cramping {t}
I had a kidney transplant last year and I have severe pain in my side with a high fever and shaking chills since this afternoon,RED,en:I have severe pain in my side with a high fever and shaking chills {t}
I'm on dialysis and my urination has decreased since yesterday,YELLOW,en:my urination has decreased {t}
"Hello, can I pay my bill online?",GREEN,en:can I pay my bill online?
